Workbook

Sheet Guidance
A2: Introduction
A3: IGES's GHG emissions database aims to compile the latest information on GHG and CO2 emissions, as reported annually by UNFCCC Annex I countries. The data covers the period from from 1990 up to two years before the submission date of the reports. This database also provides information on target compliance, in order to compare historical emission with countries' emission reduction targets under various regimes.
A4: Table of Contents (links to sheets)
A5: Analytics | D5: Charts are provided to reflect emissions trends over the reported time periods.
A6: GHG & CO2 EMISSIONS | D6: Detailed GHG and CO2 emissions data with and without LULUCF, as reported by UNFCCC Annex 1 countries from 1990 up to the most recent year. The variation over time of those historical emissions for each country is also compared with their emission reduction targets from Nationally Determined Contributions (NDCs) and the Cancun Agreement, in order to evaluate their compliance to the targets so far.
A7: Annex-GHG emissions CP1 | D7: This sheet provides annual emissions, as previously reported until the end of the 1st commitment period (CP1). The methodology that countries used for reporting emissions changed for the 2nd commitment period of the Kyoto Protocol (CP2), therefore emissions over the same period differ slightly in the two sheets. These older emissions data are valuable nonetheless, as they are used as a reference for evaluating compliance to the Kyoto Protocol emission reduction targets, which are shown in this sheet as well.
A8: Update History
A9: Version | B9: Date | C9: Features | F9: Editors
A10: 14 | B10: 45335 | C10: • Update of countries' actual reported emission reductions since 1990 • Update of countries' NDC target | F10: Masatsugu Azuma Machiko Louhisuo
A11: 13.1 | B11: 45231 | C11: • Update of Portugal and Russia | F11: Akibi Tsukui Machiko Louhisuo
A12: 13 | B12: 45078 | C12: • Update of countries' actual reported emission reductions since 1990 • Update of countries' NDC target • Update of GHG emissions from CP1 | F12: Kentaro Takahashi Machiko Louhisuo
A13: 12 | B13: 44713 | C13: • Update of countries' actual reported emission reductions since 1990 • Update of countries' NDC target • Update of GHG emissions from CP1 | F13: Kentaro Takahashi Machiko Louhisuo
A14: 11.1 | B14: 44428 | C14: • Updated region category of UK | F14: Kentaro Takahashi Machiko Louhisuo
A15: 11 | B15: 44408 | C15: • Update of countries' actual reported emission reductions since 1990 • Update of countries' NDC target • Update of GHG emissions from CP1 | F15: Kentaro Takahashi Machiko Louhisuo
A16: 10 | B16: 44031 | C16: • Update of countries' actual reported emission reductions since 1990 • Update of GHG emissions from CP1 | F16: Kentaro Takahashi Machiko Louhisuo
A17: 9.1 | B17: 43800 | C17: • Update of the following countries: Cyprus, Iceland, Kazakhstan, Lithuania, Monaco, Slovakia and Ukraine. | F17: Temuulen Murun Machiko Louhisuo Kentaro Takahashi
A18: 9 | B18: 43617 | C18: • Update of countries' actual reported emission reductions since 1990 • Update of GHG emissions from CP1 • Update of the reference link for the Cancun pledge | F18: Temuulen Murun Machiko Louhisuo Kentaro Takahashi
A19: 8 | B19: 43221 | C19: • Addition of target compliance comparisons, showing the variation between countries' emission reductions target (NDC, Cancun, Kyoto Protocol etc) and their actual reported emission reductions. • Added GHG and CO2 emissions for 2016. • Integrated into one sheet previous four sheets for GHG and CO2 with and without LULUCF • Improved data visualization • Revised guidance sheet • Addition of previously reported emission data from CP1. | F19: Alexis R. Rocamora Machiko Louhisuo Yuji Mizuno
A20: 7.2 | B20: 43009 | C20: Addition of summary charts | F20: Alexis R. Rocamora Yuji Mizuno
A21: 7.1 | B21: 42917 | C21: • Emissions for 2015 have been added. • Emissions for the 1990-2014 period have been updated. • Two new columns for the base year and the percentage of change from base year have been added. • Three new columns have been added, informing on the emissions reductions target of each country under the Cancun Agreement, the respective base year of those targets, and the KP-CP2 emission reductions targets. • Sorting of countries per new categories and alphabetically inside each category. • Update of the guidance sheet, with notably an update history. • Streamlined and more colorful data layout. | F21: Alexis R. Rocamora Yuji Mizuno
... A31: 1 | B31: 40269 | C31: Emissions in 2008 have been added. | F31: N/A
A32: Data Source
A33: Figures for GHG emissions and CO2 emissions in each year are directly extracted from the CRF (Common Reporting Format) of GHG inventory reports submitted by Annex I Parties (https://unfccc.int/ghg-inventories-annex-i-parties/2024) This data is reviewed each year by the ERT so it is subject to change based on the review results. (In fact, it is usual for minor corrections to be carried out at the time of the review). The reported values of GHG emissions based on the Convention and those based on the Kyoto Protocol are deemed to be identical (the abovementioned sinks differ in concept and numerical value). However, France and Denmark, based on inherent extraordinary circumstances, have slight differences in the GHG emissions based on the Convention and GHG emissions based on the Kyoto Protocol. Therefore, this chart deals with those two countries as special cases and shows their emissions based on the Kyoto Protocol. For reference, the emissions reduction targets of each country under the Cancun Agreement and for the second commitment period of the Kyoto Protocol (KP-CP2) are mentioned on the three last columns on the right of the third sheet. Targets under the Cancun agreement can be found here: https://unfccc.int/topics/mitigation/workstreams/pre-2020-ambition/compilation-of-economy-wide-emission-reduction-targets-to-be-implemented-by-parties-included-in-annex-i-to-the-convention Targets for the KP-CP2 are available online here: http://unfccc.int/files/kyoto_protocol/application/pdf/kp_doha_amendment_english.pdf
A34: Disclaimer
A35: Whilst this data is believed to be true and accurate at the date of going to press, neither the editor nor IGES can accept any legal responsibility or liability for any errors or omissions that may have been made. For any queries relating to this database, please contact ce-info@iges.or.jp . All copyrights are reserved. The source must be clearly stated when this database is reproduced or transmitted in any form or by any means.

Sheet Analytics
A1: ANALYTICS
A3: Chart 1: Trend of GHG emissions without LULUCF (1,000 tCO2)
A29: Chart 2: Trend of GHG emissions with LULUCF (1,000 tCO2)
A55: Chart 3: Trend of CO2 emissions without LULUCF (1,000 tCO2)
A81: Chart 4: Trend of CO2 emissions with LULUCF (1,000 tCO2)
A107: Chart 5: Change of GHG emissions without LULUCF from Cancun target base year to latest reported year
A136: Chart 6: Total GHG and CO2 Emissions Trends by all countries

Sheet GHG & CO2 EMISSIONS
E1: GHG & CO2 EMISSIONS (1,000 tCO2) | AL1: Cancun Target Compliance | AO1: Kyoto CP2 Target | AP1: NDC Target Compliance
A2: Region | B2: Party | C2: Emission Type | E2: 1990 | F2: 1991 | G2: 1992 | H2: 1993 | I2: 1994 | J2: 1995 | K2: 1996 | L2: 1997 | M2: 1998 | N2: 1999 | O2: 2000 | P2: 2001 | Q2: 2002 | R2: 2003 | S2: 2004 | T2: 2005 | U2: 2006 | V2: 2007 | W2: 2008 | X2: 2009 | Y2: 2010 | Z2: 2011 | AA2: 2012 | AB2: 2013 | AC2: 2014 | AD2: 2015 | AE2: 2016 | AF2: 2017 | AG2: 2018 | AH2: 2019 | AI2: 2020 | AJ2: 2021 | AK2: 2022 | AL2: Cancun emission reduction target by 2020 | AM2: Cancun target base year | AN2: Change from base to latest reported year | AO2: Kyoto Protocol emission reduction target for CP2 (2013-2020) | AP2: NDC base year | AQ2: NDC emission reduction target | AR2: NDC target year | AS2: Change from base to latest reported year
A3: EU | B3: European Union (excl. UK) | C3: GHG | D3: without LULUCF | E3: 4858721.7 | F3: 4753235.6 | G3: 4602044.3 | H3: 4522014.9 | I3: 4500096.8 | J3: 4550599.9 | K3: 4641592.2 | L3: 4570484.2 | M3: 4531703.7 | N3: 4456534.3 | O3: 4445278.2 | P3: 4494091.8 | Q3: 4480290.9 | R3: 4555586.5 | S3: 4553475.2 | T3: 4536750 | U3: 4540455 | V3: 4491363.9 | W3: 4403507.9 | X3: 4085898.5 | Y3: 4165463.3 | Z3: 4057129.9 | AA3: 3985798.5 | AB3: 3889371 | AC3: 3748899.9 | AD3: 3802730.4 | AE3: 3796348 | AF3: 3818158.2 | AG3: 3739536.2 | AH3: 3573616.1 | AI3: 3282155.2 | AJ3: 3453091.8 | AK3: 3365516.6 | AL3: -20%/30% | AM3: 1990 | AN3: =(AK3/E3)-1 -> -0.30732469 | AO3: -0.2 | AP3: 1990 | AQ3: -0.55 | AR3: 2030 | AS3: =(AK3/E3)-1 -> -0.30732469
D4: with LULUCF | E4: 4641267.6 | F4: 4436277.8 | G4: 4312585.2 | H4: 4218778.8 | I4: 4206188.9 | J4: 4233157 | K4: 4296320.1 | L4: 4232628.5 | M4: 4182882.9 | N4: 4094967.1 | O4: 4134469.1 | P4: 4135616.1 | Q4: 4152573.9 | R4: 4239472.4 | S4: 4200873.7 | T4: 4188474.9 | U4: 4187006.4 | V4: 4187399.5 | W4: 4051126.2 | X4: 3736543.9 | Y4: 3814136.7 | Z4: 3712138 | AA4: 3646351 | AB4: 3541754.7 | AC4: 3417103 | AD4: 3478129.6 | AE4: 3477360.6 | AF4: 3569768.1 | AG4: 3483399.7 | AH4: 3332573.1 | AI4: 3041320.2 | AJ4: 3212146.3 | AK4: 3129062.5 | AN4: =(AK4/E4)-1 -> -0.32581725
C5: CO2 | D5: without LULUCF | E5: 3873023.3 | F5: 3807938.8 | G5: 3681371.1 | H5: 3612170.9 | I5: 3593763.4 | J5: 3640342 | K5: 3725281 | L5: 3659125.5 | M5: 3649833.4 | N5: 3594787 | O5: 3606301.6 | P5: 3663404.2 | Q5: 3664292 | R5: 3743213.4 | S5: 3750816.3 | T5: 3742796.9 | U5: 3759891.2 | V5: 3710709.6 | W5: 3634251.3 | X5: 3339331.7 | Y5: 3432970.3 | Z5: 3335770.6 | AA5: 3266586.5 | AB5: 3177910.4 | AC5: 3042303.3 | AD5: 3101673 | AE5: 3099258 | AF5: 3122783.9 | AG5: 3055340.8 | AH5: 2908385.3 | AI5: 2629904.6 | AJ5: 2808290.9 | AK5: 2740590 | AN5: =(AK5/E5)-1 -> -0.29239001
D6: with LULUCF | E6: 3627466.9 | F6: 3464021.2 | G6: 3365178.1 | H6: 3282183.7 | I6: 3269916.6 | J6: 3293996.2 | K6: 3352484.4 | L6: 3294148.8 | M6: 3273961.3 | N6: 3207405.6 | O6: 3268524.6 | P6: 3279032.5 | Q6: 3311172.3 | R6: 3399845.7 | S6: 3372837.9 | T6: 3368146.2 | U6: 3381141.4 | V6: 3380379.3 | W6: 3257010.1 | X6: 2964679.9 | Y6: 3056367.9 | Z6: 2965654 | AA6: 2901048.7 | AB6: 2805829.8 | AC6: 2686444.1 | AD6: 2752771.5 | AE6: 2755099.2 | AF6: 2846057.5 | AG6: 2774184.9 | AH6: 2642188.1 | AI6: 2363937.6 | AJ6: 2541511.4 | AK6: 2477871.2 | AN6: =(AK6/E6)-1 -> -0.31691419
A7: EU | B7: Austria | C7: GHG | D7: without LULUCF | E7: 79082.673 | F7: 82746.099 | G7: 76176.876 | H7: 76550.864 | I7: 76758.521 | J7: 79985.74 | K7: 83145.349 | L7: 82752.333 | M7: 82045.925 | N7: 80467.643 | O7: 80640.416 | P7: 84524.17 | Q7: 86278.915 | R7: 91647.288 | S7: 91442.942 | T7: 92605.068 | U7: 90193.095 | V7: 87429.937 | W7: 86841.177 | X7: 80222.767 | Y7: 84793.168 | Z7: 82606.721 | AA7: 79889.009 | AB7: 80309.9 | AC7: 76721.305 | AD7: 78934.65 | AE7: 79863.23 | AF7: 82195.35 | AG7: 78903.446 | AH7: 80058.25 | AI7: 74030.056 | AJ7: 77359.765 | AK7: 72844.017 | AL7: -20%/30% | AM7: 1990 | AN7: =(AK7/E7)-1 -> -0.07888778 | AO7: -0.2 | AP7: 1990 | AQ7: -0.55 | AR7: 2030 | AS7: =(AK7/E7)-1 -> -0.07888778
D8: with LULUCF | E8: 67400.869 | F8: 64056.39 | G8: 67151.527 | H8: 59971.959 | I8: 67547.647 | J8: 60651.832 | K8: 64703.305 | L8: 60464.584 | M8: 63159.976 | N8: 60338.767 | O8: 66682.741 | P8: 55422.319 | Q8: 73417.009 | R8: 76663.974 | S8: 69336.475 | T8: 74506.467 | U8: 81440.687 | V8: 82070.255 | W8: 74785.223 | X8: 72484.205 | Y8: 65353.856 | Z8: 67571.663 | AA8: 74445.754 | AB8: 74398.826 | AC8: 69435.655 | AD8: 72700.533 | AE8: 73195.756 | AF8: 79265.473 | AG8: 84125.096 | AH8: 82495.134 | AI8: 68186.605 | AJ8: 66283.801 | AK8: 68370.187 | AN8: =(AK8/E8)-1 -> 0.014381387
C9: CO2 | D9: without LULUCF | E9: 62183.904 | F9: 65782.394 | G9: 60282.904 | H9: 60708.862 | I9: 61083.354 | J9: 64060.755 | K9: 67405.241 | L9: 67301.823 | M9: 66936.726 | N9: 65667.804 | O9: 66177.102 | P9: 70165.582 | Q9: 71969.395 | R9: 77396.065 | S9: 77693.557 | T9: 79091.841 | U9: 76811.652 | V9: 74112.26 | W9: 73489.915 | X9: 67306.605 | Y9: 72008.308 | Z9: 69901.455 | AA9: 67274.365 | AB9: 67766.779 | AC9: 64165.827 | AD9: 66357.461 | AE9: 67217.282 | AF9: 69598.48 | AG9: 66561.692 | AH9: 67945.995 | AI9: 62175.724 | AJ9: 65757.468 | AK9: 61489.111 | AN9: =(AK9/E9)-1 -> -0.011173184
D10: with LULUCF | E10: 50331.835 | F10: 46920.505 | G10: 51082.471 | H10: 43952.363 | I10: 51697.111 | J10: 44554.599 | K10: 48794.883 | L10: 44849.722 | M10: 47889.495 | N10: 45379.382 | O10: 52060.778 | P10: 40904.818 | Q10: 58947.6 | R10: 62252.148 | S10: 55427.401 | T10: 60833.115 | U10: 67898.247 | V10: 68591.137 | W10: 61270.067 | X10: 59402.92 | Y10: 52404.03 | Z10: 54702.059 | AA10: 61666.938 | AB10: 61693.008 | AC10: 56719.505 | AD10: 59962.485 | AE10: 60389.386 | AF10: 66508.183 | AG10: 71624.286 | AH10: 70225.321 | AI10: 56176.191 | AJ10: 54526.379 | AK10: 56860.452 | AN10: =(AK10/E10)-1 -> 0.12971148
A11: EU | B11: Belgium | C11: GHG | D11: without LULUCF | E11: 145849.07 | F11: 148583.67 | G11: 148081.78 | H11: 146900.46 | I11: 151448.74 | J11: 153582.79 | K11: 157230.45 | L11: 148822.76 | M11: 154014.78 | N11: 147734.61 | O11: 148878.6 | P11: 147319.84 | Q11: 147415.86 | R11: 147731.91 | S11: 148534.7 | T11: 145429.61 | U11: 142727.88 | V11: 139108.26 | W11: 139040.34 | X11: 126454.25 | Y11: 133528.53 | Z11: 123219.08 | AA11: 120467.91 | AB11: 120564.33 | AC11: 114873 | AD11: 119108.08 | AE11: 117528.19 | AF11: 117035.08 | AG11: 117769.67 | AH11: 116679.93 | AI11: 107420.53 | AJ11: 110195.86 | AK11: 103576.13 | AL11: -20%/30% | AM11: 1990 | AN11: =(AK11/E11)-1 -> -0.28984036 | AO11: -0.2 | AP11: 1990 | AQ11: -0.55 | AR11: 2030 | AS11: =(AK11/E11)-1 -> -0.28984036
D12: with LULUCF | E12: 142909.17 | F12: 146108.91 | G12: 145787.05 | H12: 144588.62 | I12: 149388.05 | J12: 151293.63 | K12: 154745.21 | L12: 146787.6 | M12: 151423.19 | N12: 145618.48 | O12: 147183.36 | P12: 145795.82 | Q12: 145299.95 | R12: 145721.36 | S12: 146819.66 | T12: 143654.77 | U12: 140976.15 | V12: 137658.11 | W12: 137663.9 | X12: 125250.66 | Y12: 133168.91 | Z12: 122964.12 | AA12: 120229.4 | AB12: 119786.69 | AC12: 114081.91 | AD12: 118366.96 | AE12: 116855.59 | AF12: 116479.46 | AG12: 117203.08 | AH12: 116268.33 | AI12: 107035.81 | AJ12: 109915.24 | AK12: 103157.14 | AN12: =(AK12/E12)-1 -> -0.27816292
C13: CO2 | D13: without LULUCF | E13: 120297.34 | F13: 123366.65 | G13: 122492.46 | H13: 121427.34 | I13: 124800 | J13: 125939.2 | K13: 129481.18 | L13: 123992.66 | M13: 130225.32 | N13: 124682.83 | O13: 126723.04 | P13: 126066.95 | Q13: 126863.56 | R13: 128248.59 | S13: 128781.74 | T13: 125639.61 | U13: 123884.25 | V13: 120481.2 | W13: 120179.66 | X13: 107780.14 | Y13: 114489.6 | Z13: 105097.98 | AA13: 102434.54 | AB13: 102761.55 | AC13: 97033.593 | AD13: 101275.02 | AE13: 99741.557 | AF13: 99192.034 | AG13: 100158.57 | AH13: 99684.187 | AI13: 91228.272 | AJ13: 94886.097 | AK13: 89002.058 | AN13: =(AK13/E13)-1 -> -0.26014941
D14: with LULUCF | E14: 117351.91 | F14: 120883.3 | G14: 120186.09 | H14: 119100.76 | I14: 122721.54 | J14: 123629.36 | K14: 126962.36 | L14: 121930.58 | M14: 127603.67 | N14: 122533.68 | O14: 124991.72 | P14: 124503.75 | Q14: 124705.3 | R14: 126192.63 | S14: 126997.8 | T14: 123792.92 | U14: 122057.75 | V14: 118953.34 | W14: 118722.59 | X14: 106493.02 | Y14: 114044.07 | Z14: 104751.6 | AA14: 102105.41 | AB14: 101893.17 | AC14: 96151.672 | AD14: 100442.99 | AE14: 98976.863 | AF14: 98543.167 | AG14: 99497.528 | AH14: 99176.914 | AI14: 90746.704 | AJ14: 94506.902 | AK14: 88483.891 | AN14: =(AK14/E14)-1 -> -0.24599533
A15: EU | B15: Bulgaria | C15: GHG | D15: without LULUCF | E15: 98800.788 | F15: 80943.322 | G15: 75410.631 | H15: 74721.423 | I15: 70653.014 | J15: 72207.971 | K15: 72647.461 | L15: 69433.501 | M15: 65390.218 | N15: 58356.483 | O15: 57511.92 | P15: 60401.552 | Q15: 57797.613 | R15: 62694.771 | S15: 61817.254 | T15: 62347.443 | U15: 63104.636 | V15: 66950.197 | W15: 65611.709 | X15: 56719.076 | Y15: 59363.946 | Z15: 64746.442 | AA15: 59673.445 | AB15: 54313.585 | AC15: 57270.218 | AD15: 60450.684 | AE15: 57802.317 | AF15: 59607.944 | AG15: 55252.884 | AH15: 53942.89 | AI15: 47963.35 | AJ15: 54030.656 | AK15: 58420.851 | AL15: -20%/30% | AM15: 1990 | AN15: =(AK15/E15)-1 -> -0.40870056 | AO15: -0.2 | AP15: 1990 | AQ15: -0.55 | AR15: 2030 | AS15: =(AK15/E15)-1 -> -0.40870056
D16: with LULUCF | E16: 81023.164 | F16: 63198.306 | G16: 58244.555 | H16: 57341.113 | I16: 53260.6 | J16: 54813.904 | K16: 55976.903 | L16: 52646.613 | M16: 48963.81 | N16: 42142.867 | O16: 40169.967 | P16: 45796.24 | Q16: 42938.82 | R16: 48276.83 | S16: 46721.902 | T16: 46052.856 | U16: 50084.494 | V16: 53035.394 | W16: 53281.637 | X16: 44246.689 | Y16: 47426.873 | Z16: 56099.166 | AA16: 51469.262 | AB16: 47121.249 | AC16: 48815.108 | AD16: 52446.606 | AE16: 48007.878 | AF16: 49827.041 | AG16: 45380.907 | AH16: 44356.946 | AI16: 38357.875 | AJ16: 44451.734 | AK16: 48880.816 | AN16: =(AK16/E16)-1 -> -0.39670566
C17: CO2 | D17: without LULUCF | E17: 76520.385 | F17: 61534.54 | G17: 57369.195 | H17: 58399.537 | I17: 56392.825 | J17: 57926.709 | K17: 58470.427 | L17: 55819.149 | M17: 53126.685 | N17: 46378.916 | O17: 45516.045 | P17: 49034.393 | Q17: 46155.216 | R17: 50504.308 | S17: 49542.805 | T17: 50605.6 | U17: 51843.668 | V17: 55674.04 | W17: 54033.684 | X17: 45761.529 | Y17: 47826.461 | Z17: 53131.781 | AA17: 48288.869 | AB17: 42652.178 | AC17: 45178.741 | AD17: 48131.472 | AE17: 45345.743 | AF17: 47447.219 | AG17: 43508.753 | AH17: 42199.323 | AI17: 36583.958 | AJ17: 42357.014 | AK17: 46931.015 | AN17: =(AK17/E17)-1 -> -0.38668611
D18: with LULUCF | E18: 58675.191 | F18: 43726.407 | G18: 40123.747 | H18: 40891.288 | I18: 38875.452 | J18: 40479.424 | K18: 41742.35 | L18: 38982.154 | M18: 36627.542 | N18: 30083.766 | O18: 27896.902 | P18: 34303.3 | Q18: 31226.243 | R18: 36023.006 | S18: 34400.981 | T18: 34263.625 | U18: 38767.279 | V18: 41545.064 | W18: 41636.501 | X18: 33232.814 | Y18: 35807.135 | Z18: 44392.285 | AA18: 39958.801 | AB18: 35351.775 | AC18: 36625.274 | AD18: 40006.81 | AE18: 35428.056 | AF18: 37550.683 | AG18: 33534.413 | AH18: 32499.95 | AI18: 26865.543 | AJ18: 32672.892 | AK18: 37266.3 | AN18: =(AK18/E18)-1 -> -0.36487126
A19: EU | B19: Croatia | C19: GHG | D19: without LULUCF | E19: 31546.32 | F19: 25021.258 | G19: 23134.505 | H19: 23122.502 | I19: 22206.748 | J19: 22875.232 | K19: 23366.34 | L19: 24748.203 | M19: 24885.897 | N19: 26204.315 | O19: 25826.808 | P19: 27007.33 | Q19: 28100.999 | R19: 29537.889 | S19: 29497.65 | T19: 29962.839 | U19: 30356.468 | V19: 31781.252 | W19: 30828.118 | X19: 28677.704 | Y19: 28289.566 | Z19: 28002.01 | AA19: 26265.917 | AB19: 25044.74 | AC19: 24312.757 | AD19: 24770.42 | AE19: 24942.282 | AF19: 25785.316 | AG19: 24659.626 | AH19: 24830.697 | AI19: 23914.495 | AJ19: 24437.179 | AK19: 24551.983 | AL19: -0.05 | AM19: 1990 | AN19: =(AK19/E19)-1 -> -0.22171642 | AO19: -0.2 | AP19: 1990 | AQ19: -0.55 | AR19: 2030 | AS19: =(AK19/E19)-1 -> -0.22171642
D20: with LULUCF | E20: 25198.284 | F20: 17493.624 | G20: 15506.44 | H20: 15327.036 | I20: 14143.556 | J20: 14324.07 | K20: 15171.313 | L20: 17164.872 | M20: 17494.855 | N20: 18019.172 | O20: 19088.672 | P20: 19025.881 | Q20: 19837.629 | R20: 22101.028 | S20: 21731.483 | T20: 21959.589 | U20: 22539.683 | V20: 25118.269 | W20: 23962.791 | X20: 21706.301 | Y20: 21382.737 | Z20: 22374.768 | AA20: 21080.048 | AB20: 18894.229 | AC20: 18310.035 | AD20: 19078.518 | AE20: 19244.073 | AF20: 20901.631 | AG20: 19166.842 | AH20: 19104.851 | AI20: 18255.881 | AJ20: 18673.449 | AK20: 19684.823 | AN20: =(AK20/E20)-1 -> -0.21880306
C21: CO2 | D21: without LULUCF | E21: 22874.491 | F21: 16992.687 | G21: 16374.967 | H21: 16807.773 | I21: 16051.528 | J21: 16811.348 | K21: 17335.912 | L21: 18566.835 | M21: 19038.723 | N21: 20081.425 | O21: 19652.269 | P21: 20776.024 | Q21: 21916.044 | R21: 23227.37 | S21: 22854.53 | T21: 23297.976 | U21: 23499.119 | V21: 24804.672 | W21: 23520.155 | X21: 21756.484 | Y21: 20986.248 | Z21: 20620.634 | AA21: 19056.3 | AB21: 18406.078 | AC21: 17657.192 | AD21: 17803.005 | AE21: 18089.979 | AF21: 18719.1 | AG21: 17702.566 | AH21: 17830.287 | AI21: 16881.603 | AJ21: 17410.67 | AK21: 17608.212 | AN21: =(AK21/E21)-1 -> -0.23022499
D22: with LULUCF | E22: 16480.416 | F22: 9416.0547 | G22: 8677.4106 | H22: 8910.2902 | I22: 7926.0489 | J22: 8205.1618 | K22: 9070.539 | L22: 10911.736 | M22: 11527.91 | N22: 11845.115 | O22: 12705.011 | P22: 12714.222 | Q22: 13587.811 | R22: 15661.11 | S22: 15015.42 | T22: 15213.541 | U22: 15586.881 | V22: 17991.421 | W22: 16534.07 | X22: 14661.556 | Y22: 13950.642 | Z22: 14822.378 | AA22: 13653.652 | AB22: 12098.841 | AC22: 11495.891 | AD22: 11925.32 | AE22: 12214.598 | AF22: 13551.106 | AG22: 12043.789 | AH22: 11936.022 | AI22: 11002.74 | AJ22: 11480.244 | AK22: 12534.154 | AN22: =(AK22/E22)-1 -> -0.2394516
A23: EU | B23: Cyprus | C23: GHG | D23: without LULUCF | E23: 5570.3489 | F23: 6074.8994 | G23: 6511.3843 | H23: 6798.5807 | I23: 7055.1086 | J23: 6970.5207 | K23: 7343.524 | L23: 7437.6235 | M23: 7753.5128 | N23: 8031.5696 | O23: 8303.5193 | P23: 8244.7577 | Q23: 8480.4362 | R23: 8871.5459 | S23: 9077.7558 | T23: 9226.0111 | U23: 9473.0052 | V23: 9807.7678 | W23: 10031.229 | X23: 9795.9268 | Y23: 9460.2333 | Z23: 9162.6109 | AA23: 8628.5145 | AB23: 7921.4316 | AC23: 8295.6797 | AD23: 8343.8455 | AE23: 8772.2033 | AF23: 8939.6482 | AG23: 8837.9802 | AH23: 8889.0158 | AI23: 8514.7921 | AJ23: 8717.5471 | AK23: 8772.2938 | AL23: -20%/30% | AM23: 1990 | AN23: =(AK23/E23)-1 -> 0.57481944 | AO23: -0.2 | AP23: 1990 | AQ23: -0.55 | AR23: 2030 | AS23: =(AK23/E23)-1 -> 0.57481944
D24: with LULUCF | E24: 5417.2799 | F24: 5907.9125 | G24: 6338.7298 | H24: 6623.7684 | I24: 6871.7492 | J24: 6790.4752 | K24: 7158.1533 | L24: 7253.3931 | M24: 7563.005 | N24: 7833.1743 | O24: 8160.9938 | P24: 8076.1377 | Q24: 8278.4717 | R24: 8657.4943 | S24: 8863.1685 | T24: 9005.1413 | U24: 9250.4708 | V24: 9624.8328 | W24: 9781.3436 | X24: 9518.2265 | Y24: 9195.1504 | Z24: 8861.7881 | AA24: 8334.85 | AB24: 7624.106 | AC24: 7996.532 | AD24: 8047.7011 | AE24: 8581.274 | AF24: 8632.5814 | AG24: 8535.6346 | AH24: 8591.9417 | AI24: 8216.2163 | AJ24: 8482.1927 | AK24: 8472.8797 | AN24: =(AK24/E24)-1 -> 0.56404687
C25: CO2 | D25: without LULUCF | E25: 4645.473 | F25: 5133.5712 | G25: 5506.0796 | H25: 5749.7073 | I25: 5991.909 | J25: 5862.4034 | K25: 6212.3458 | L25: 6298.7451 | M25: 6592.9381 | N25: 6859.5131 | O25: 7102.9565 | P25: 6976.4838 | Q25: 7167.9227 | R25: 7557.6087 | S25: 7787.5091 | T25: 7959.3863 | U25: 8186.4592 | V25: 8505.3459 | W25: 8718.0746 | X25: 8474.9482 | Y25: 8104.2256 | Z25: 7790.62 | AA25: 7264.8829 | AB25: 6584.1731 | AC25: 6952.6013 | AD25: 6974.856 | AE25: 7357.9013 | AF25: 7479.3229 | AG25: 7341.7729 | AH25: 7345.3809 | AI25: 6925.6572 | AJ25: 7081.4458 | AK25: 7118.3932 | AN25: =(AK25/E25)-1 -> 0.53232905
D26: with LULUCF | E26: 4492.3443 | F26: 4966.4121 | G26: 5333.3469 | H26: 5574.468 | I26: 5807.5025 | J26: 5681.909 | K26: 6026.256 | L26: 6113.5025 | M26: 6399.1703 | N26: 6661.0004 | O26: 6953.5133 | P26: 6805.3224 | Q26: 6965.5073 | R26: 7342.7422 | S26: 7571.6916 | T26: 7737.5253 | U26: 7962.5004 | V26: 8316.7374 | W26: 8467.0055 | X26: 8195.9122 | Y26: 7836.952 | Z26: 7487.7553 | AA26: 6969.0346 | AB26: 6285.3415 | AC26: 6651.9017 | AD26: 6677.4224 | AE26: 7153.7297 | AF26: 7170.7259 | AG26: 7037.5278 | AH26: 7046.624 | AI26: 6625.2872 | AJ26: 6836.7229 | AK26: 6817.6615 | AN26: =(AK26/E26)-1 -> 0.51761778
A27: EU | B27: Czech Republic | C27: GHG | D27: without LULUCF | E27: 199386.71 | F27: 180862.33 | G27: 174988.44 | H27: 168156.55 | I27: 159400.88 | J27: 158415.84 | K27: 161630.92 | L27: 157199.21 | M27: 151181.59 | N27: 141096.08 | O27: 151386.04 | P27: 151141.41 | Q27: 147318.94 | R27: 150425 | S27: 151420.98 | T27: 149308.22 | U27: 150630.09 | V27: 152380.68 | W27: 147309.58 | X27: 137590.05 | Y27: 140529.12 | Z27: 139120.13 | AA27: 135193.43 | AB27: 129792.72 | AC27: 127583.16 | AD27: 129240.89 | AE27: 130796.98 | AF27: 131636.87 | AG27: 129789 | AH27: 123933.44 | AI27: 113392.76 | AJ27: 118776.42 | AK27: 117076.83 | AL27: -20%/30% | AM27: 1990 | AN27: =(AK27/E27)-1 -> -0.41281527 | AO27: -0.2 | AP27: 1990 | AQ27: -0.55 | AR27: 2030 | AS27: =(AK27/E27)-1 -> -0.41281527
D28: with LULUCF | E28: 190549.6 | F28: 170524.55 | G28: 164454.15 | H28: 156792.4 | I28: 149283.05 | J28: 148033.05 | K28: 151525.69 | L28: 148135.57 | M28: 142462.17 | N28: 132156.44 | O28: 141701.06 | P28: 141484.95 | Q28: 137868.28 | R28: 141474.56 | S28: 142756.34 | T28: 140585.45 | U28: 142964.45 | V28: 144948.91 | W28: 138625.93 | X28: 129151.89 | Y28: 132816.62 | Z28: 130785.73 | AA28: 126636.7 | AB28: 121882.22 | AC28: 119730.65 | AD28: 121386.24 | AE28: 123850.17 | AF28: 126297.98 | AG28: 129776.84 | AH28: 130426.32 | AI28: 123091.99 | AJ28: 125363.89 | AK28: 120454.38 | AN28: =(AK28/E28)-1 -> -0.36785813
C29: CO2 | D29: without LULUCF | E29: 164250.45 | F29: 148883.28 | G29: 145705.82 | H29: 140124.1 | I29: 132668.12 | J29: 131622.32 | K29: 135018.76 | L29: 130941.74 | M29: 125715.92 | N29: 116672.03 | O29: 127236.14 | P29: 127144.52 | Q29: 123967.85 | R29: 127571.89 | S29: 128291.81 | T29: 125690.86 | U29: 126537.1 | V29: 128366.4 | W29: 122934.9 | X29: 114982.54 | Y29: 117476.26 | Z29: 115189.18 | AA29: 111287.35 | AB29: 106722.49 | AC29: 104246.04 | AD29: 105000.92 | AE29: 106648.4 | AF29: 107745.84 | AG29: 106335.55 | AH29: 101008.82 | AI29: 91673.765 | AJ29: 96645.177 | AK29: 95107.761 | AN29: =(AK29/E29)-1 -> -0.42095891
D30: with LULUCF | E30: 155375.92 | F30: 138516.72 | G30: 135131.2 | H30: 128716.62 | I30: 122509.67 | J30: 121205.82 | K30: 124859.88 | L30: 121807.29 | M30: 116953.11 | N30: 107699.74 | O30: 117520.08 | P30: 117470.98 | Q30: 114498.26 | R30: 118586.39 | S30: 119604.45 | T30: 116947.36 | U30: 118845.36 | V30: 120905.72 | W30: 114229.61 | X30: 106523.76 | Y30: 109741.89 | Z30: 106843.21 | AA30: 102714.53 | AB30: 98803.886 | AC30: 96378.889 | AD30: 97133.994 | AE30: 99692.171 | AF30: 102396.89 | AG30: 106307.97 | AH30: 107483.95 | AI30: 101355.07 | AJ30: 103217.44 | AK30: 98451.812 | AN30: =(AK30/E30)-1 -> -0.36636378
A31: EU | B31: Denmark | C31: GHG | D31: without LULUCF | E31: 70388.1 | F31: 81068.884 | G31: 75197.426 | H31: 77548.913 | I31: 81509.518 | J31: 78647.254 | K31: 91731.139 | L31: 82216.861 | M31: 78273.362 | N31: 75607.301 | O31: 71308.324 | P31: 72889.598 | Q31: 72436.564 | R31: 77428.792 | S31: 71492.906 | T31: 67172.285 | U31: 74878.998 | V31: 70223.861 | W31: 66662.861 | X31: 63933.022 | Y31: 64127.007 | Z31: 58950.642 | AA31: 54416.175 | AB31: 56144.292 | AC31: 51973.814 | AD31: 49255.935 | AE31: 51274.642 | AF31: 48960.464 | AG31: 48800.854 | AH31: 44907.452 | AI31: 42252.285 | AJ31: 43245.692 | AK31: 41769.353 | AL31: -20%/30% | AM31: 1990 | AN31: =(AK31/E31)-1 -> -0.40658503 | AO31: -0.2 | AP31: 1990 | AQ31: -0.55 | AR31: 2030 | AS31: =(AK31/E31)-1 -> -0.40658503
D32: with LULUCF | E32: 77082.068 | F32: 87096.227 | G32: 82132.957 | H32: 83162.638 | I32: 86646.496 | J32: 83964.582 | K32: 96334.505 | L32: 87294.118 | M32: 83266.834 | N32: 80912.268 | O32: 76395.625 | P32: 77465.888 | Q32: 78081.107 | R32: 82830.866 | S32: 76695.925 | T32: 72143.131 | U32: 80303.928 | V32: 75819.224 | W32: 70761.919 | X32: 67315.339 | Y32: 66487.652 | Z32: 60554.844 | AA32: 55405.616 | AB32: 56817.21 | AC32: 52863.07 | AD32: 49161.097 | AE32: 52142.42 | AF32: 49675.67 | AG32: 51303.589 | AH32: 46438.417 | AI32: 43544.643 | AJ32: 43444.177 | AK32: 41388.363 | AN32: =(AK32/E32)-1 -> -0.46306107
C33: CO2 | D33: without LULUCF | E33: 53369.625 | F33: 63985.358 | G33: 58200.779 | H33: 60463.097 | I33: 64546.721 | J33: 61530.136 | K33: 74763.086 | L33: 65314.343 | M33: 61122.953 | N33: 58539.647 | O33: 54194.545 | P33: 55795.432 | Q33: 55458.774 | R33: 60555.632 | S33: 55013.952 | T33: 51449.767 | U33: 59420.571 | V33: 54631.081 | W33: 51174.755 | X33: 48774.674 | Y33: 49116.938 | Z33: 44161.926 | AA33: 39789.048 | AB33: 41684.68 | AC33: 37504.934 | AD33: 35039.321 | AE33: 36848.061 | AF33: 34597.194 | AG33: 34540.957 | AH33: 30883.842 | AI33: 28224.367 | AJ33: 29516.037 | AK33: 28371.274 | AN33: =(AK33/E33)-1 -> -0.46840035
D34: with LULUCF | E34: 59701.706 | F34: 69652.735 | G34: 64777.133 | H34: 65718.418 | I34: 69326.049 | J34: 66492.531 | K34: 79014.199 | L34: 70041.98 | M34: 65769.357 | N34: 63500.144 | O34: 58939.889 | P34: 60032.222 | Q34: 60766.234 | R34: 65623.02 | S34: 59883.488 | T34: 56086.956 | U34: 64509.716 | V34: 59888.54 | W34: 54933.754 | X34: 51814.776 | Y34: 51135.393 | Z34: 45427.673 | AA34: 40443.227 | AB34: 42027.664 | AC34: 38067.612 | AD34: 34620.037 | AE34: 37387.301 | AF34: 34983.861 | AG34: 36717.184 | AH34: 32082.366 | AI34: 29177.717 | AJ34: 29370.805 | AK34: 27640.396 | AN34: =(AK34/E34)-1 -> -0.53702501
A35: EU | B35: Estonia | C35: GHG | D35: without LULUCF | E35: 40273.576 | F35: 37398.494 | G35: 27212.186 | H35: 21747.878 | I35: 22220.199 | J35: 20057.12 | K35: 20998.018 | L35: 20708.904 | M35: 18983.758 | N35: 17820.07 | O35: 17441.798 | P35: 17875.078 | Q35: 17287.029 | R35: 19219.739 | S35: 19356.25 | T35: 19132.889 | U35: 18478.015 | V35: 22029.264 | W35: 19930.143 | X35: 16494.962 | Y35: 21096.262 | Z35: 21053.638 | AA35: 19941.947 | AB35: 21819.402 | AC35: 20981.392 | AD35: 17913.77 | AE35: 19533.129 | AF35: 20761.227 | AG35: 19950.295 | AH35: 14508.113 | AI35: 11343.379 | AJ35: 12578.984 | AK35: 13951.546 | AL35: -20%/30% | AM35: 1990 | AN35: =(AK35/E35)-1 -> -0.65358065 | AO35: -0.2 | AP35: 1990 | AQ35: -0.55 | AR35: 2030 | AS35: =(AK35/E35)-1 -> -0.65358065
D36: with LULUCF | E36: 35038.308 | F36: 32310.208 | G36: 22903.69 | H36: 16554.893 | I36: 17429.474 | J36: 15093.443 | K36: 15737.521 | L36: 15321.53 | M36: 14086.726 | N36: 14021.843 | O36: 13972.13 | P36: 15031.154 | Q36: 15519.6 | R36: 18242.386 | S36: 17749.022 | T36: 16205.614 | U36: 14466.452 | V36: 16674.441 | W36: 14377.951 | X36: 10173.245 | Y36: 16426.784 | Z36: 17885.216 | AA36: 18394.048 | AB36: 21375.769 | AC36: 21333.565 | AD36: 18811.831 | AE36: 21439.736 | AF36: 22529.322 | AG36: 23421.051 | AH36: 17787.142 | AI36: 12586.283 | AJ36: 13390.501 | AK36: 14290.838 | AN36: =(AK36/E36)-1 -> -0.59213675
C37: CO2 | D37: without LULUCF | E37: 36916.964 | F37: 34144.173 | G37: 24417.833 | H37: 19435.266 | I37: 20040.797 | J37: 18054.97 | K37: 19033.944 | L37: 18673.174 | M37: 16933.062 | N37: 15929.464 | O37: 15470.923 | P37: 15869.869 | Q37: 15357.951 | R37: 17250.687 | S37: 17322.094 | T37: 17089.781 | U37: 16438.181 | V37: 19930.493 | W37: 17814.806 | X37: 14404.983 | Y37: 18964.735 | Z37: 18948.026 | AA37: 17761.414 | AB37: 19633.824 | AC37: 18783.953 | AD37: 15779.623 | AE37: 17432.914 | AF37: 18616.033 | AG37: 17800.686 | AH37: 12288.099 | AI37: 9198.2509 | AJ37: 10390.745 | AK37: 11757.177 | AN37: =(AK37/E37)-1 -> -0.68152372
D38: with LULUCF | E38: 31371.222 | F38: 28745.488 | G38: 19795.613 | H38: 13930.234 | I38: 14937.956 | J38: 12779.241 | K38: 13460.258 | L38: 12971.171 | M38: 11723.036 | N38: 11816.59 | O38: 11685.612 | P38: 12710.997 | Q38: 13271.562 | R38: 15956.521 | S38: 15396.704 | T38: 13843.878 | U38: 12098.55 | V38: 14253.516 | W38: 11937.513 | X38: 7757.3604 | Y38: 13967.979 | Z38: 15451.235 | AA38: 15883.824 | AB38: 18859.235 | AC38: 18803.688 | AD38: 16343.199 | AE38: 19003.212 | AF38: 20047.107 | AG38: 20929.897 | AH38: 15227.492 | AI38: 10100.156 | AJ38: 10860.947 | AK38: 11754.774 | AN38: =(AK38/E38)-1 -> -0.62530073
A39: EU | B39: Finland | C39: GHG | D39: without LULUCF | E39: 71165.925 | F39: 69092.868 | G39: 67721.271 | H39: 69936.172 | I39: 75505.773 | J39: 71758.493 | K39: 77763.643 | L39: 76423.372 | M39: 72733.204 | N39: 72052.851 | O39: 70112.916 | P39: 75430.123 | Q39: 77838.05 | R39: 85424.042 | S39: 81663.008 | T39: 69625.546 | U39: 80996.713 | V39: 79324.558 | W39: 71180.613 | X39: 67558.99 | Y39: 75399.643 | Z39: 67653.3 | AA39: 62114.798 | AB39: 62585.654 | AC39: 58404.494 | AD39: 54904.747 | AE39: 57753.672 | AF39: 54947.573 | AG39: 55878.672 | AH39: 52591.179 | AI39: 47586.769 | AJ39: 47545.903 | AK39: 45648.909 | AL39: -20%/30% | AM39: 1990 | AN39: =(AK39/E39)-1 -> -0.35855665 | AO39: -0.2 | AP39: 1990 | AQ39: -0.55 | AR39: 2030 | AS39: =(AK39/E39)-1 -> -0.35855665
D40: with LULUCF | E40: 47991.06 | F40: 33512.921 | G40: 38174.441 | H40: 39752.128 | I40: 52135.301 | J40: 49758.012 | K40: 49456.702 | L40: 52763.929 | M40: 51139.464 | N40: 50286.33 | O40: 48855.147 | P40: 53554.159 | Q40: 54889.248 | R40: 62057.63 | S40: 56874.621 | T40: 44775.18 | U40: 52249.176 | V40: 60223.648 | W40: 49498.858 | X40: 33652.657 | Y40: 53021.475 | Z40: 46033.171 | AA40: 38773.076 | AB40: 46028.858 | AC40: 40863.09 | AD40: 41773.671 | AE40: 48261.004 | AF40: 47916.065 | AG40: 58203.15 | AH40: 49357.934 | AI40: 42232.464 | AJ40: 51020.144 | AK40: 50091.891 | AN40: =(AK40/E40)-1 -> 0.043775483
C41: CO2 | D41: without LULUCF | E41: 56921.042 | F41: 55195.466 | G41: 54271.769 | H41: 56320.078 | I41: 61739.378 | J41: 58122.229 | K41: 64039.769 | L41: 62702.586 | M41: 59357.906 | N41: 58873.812 | O41: 57016.992 | P41: 62520.748 | Q41: 65048.51 | R41: 72658.241 | S41: 68945.47 | T41: 57063.735 | U41: 68373.712 | V41: 66764.187 | W41: 58625.012 | X41: 55920.759 | Y41: 64091.617 | Z41: 56646.926 | AA41: 51154.831 | AB41: 51718.945 | AC41: 47622.86 | AD41: 44192.025 | AE41: 47251.901 | AF41: 44657.709 | AG41: 45734.086 | AH41: 42442.247 | AI41: 37700.045 | AJ41: 37797.87 | AK41: 36366.924 | AN41: =(AK41/E41)-1 -> -0.36109877
D42: with LULUCF | E42: 30554.85 | F42: 16425.982 | G42: 21535.053 | H42: 22946.859 | I42: 35150.73 | J42: 32885.57 | K42: 32475.476 | L42: 35760.799 | M42: 34462.417 | N42: 33807.896 | O42: 32464.772 | P42: 37349.939 | Q42: 38825.71 | R42: 46040.927 | S42: 40928.349 | T42: 29004.666 | U42: 36431.879 | V42: 44491.316 | W42: 33830.079 | X42: 18980.438 | Y42: 38753.575 | Z42: 32139.842 | AA42: 24980.976 | AB42: 32377.724 | AC42: 27345.312 | AD42: 28375.282 | AE42: 35120.505 | AF42: 34978.023 | AG42: 45407.981 | AH42: 36560.093 | AI42: 29697.402 | AJ42: 38638.354 | AK42: 38202.728 | AN42: =(AK42/E42)-1 -> 0.25029997
A43: EU | B43: France | C43: GHG | D43: without LULUCF | E43: 537837.22 | F43: 563578.37 | G43: 553277.05 | H43: 531812.54 | I43: 523549.45 | J43: 529460.52 | K43: 547709.94 | L43: 539953.86 | M43: 553984.6 | N43: 549137.82 | O43: 543549.89 | P43: 548871.72 | Q43: 542677.79 | R43: 547029.59 | S43: 546910.86 | T43: 548450.07 | U43: 537852.25 | V43: 527940.15 | W43: 522513.91 | X43: 501636.36 | Y43: 505151.61 | Z43: 480397.19 | AA43: 482021.79 | AB43: 481511.37 | AC43: 449028.13 | AD43: 452801.15 | AE43: 454789.14 | AF43: 457323.99 | AG43: 438279.22 | AH43: 428203.45 | AI43: 388659.57 | AJ43: 410791.54 | AK43: 394825.64 | AL43: -20%/30% | AM43: 1990 | AN43: =(AK43/E43)-1 -> -0.26590123 | AO43: -0.2 | AP43: 1990 | AQ43: -0.55 | AR43: 2030 | AS43: =(AK43/E43)-1 -> -0.26590123
D44: with LULUCF | E44: 519548.14 | F44: 545119.58 | G44: 535997.86 | H44: 510261.09 | I44: 504212.39 | J44: 507032.4 | K44: 517674.1 | L44: 508679.99 | M44: 519471.68 | N44: 509737.15 | O44: 520492.84 | P44: 511299.17 | Q44: 495367.13 | R44: 495101.04 | S44: 493172.12 | T44: 495665.01 | U44: 485717.76 | V44: 480119.45 | W44: 475986.86 | X44: 466664.81 | Y44: 468511.33 | Z44: 442686.94 | AA44: 440817.2 | AB44: 435483.7 | AC44: 409339.84 | AD44: 416433.96 | AE44: 424478.79 | AF44: 437879.69 | AG44: 413896.77 | AH44: 409592.03 | AI44: 367305.41 | AJ44: 391746.35 | AK44: 376325.9 | AN44: =(AK44/E44)-1 -> -0.27566693
C45: CO2 | D45: without LULUCF | E45: 396965.95 | F45: 421616.41 | G45: 411408.05 | H45: 392217.28 | I45: 385567.33 | J45: 390833.33 | K45: 407347.79 | L45: 400261.27 | M45: 418993.69 | N45: 418066.41 | O45: 412428.86 | P45: 417119.99 | Q45: 412783.21 | R45: 419028.2 | S45: 420945.96 | T45: 423707.79 | U45: 414087.15 | V45: 404218.79 | W45: 397492.02 | X45: 379701.93 | Y45: 385425.52 | Z45: 363403.19 | AA45: 365444.39 | AB45: 367526.43 | AC45: 335581.41 | AD45: 340460.52 | AE45: 343393.01 | AF45: 346103.26 | AG45: 330925.13 | AH45: 324252.35 | AI45: 288711.71 | AJ45: 314018.54 | AK45: 301766.28 | AN45: =(AK45/E45)-1 -> -0.23981824
D46: with LULUCF | E46: 375981.13 | F46: 400598.35 | G46: 391578.96 | H46: 368182.99 | I46: 361114.69 | J46: 363129.02 | K46: 372920.17 | L46: 365220.75 | M46: 381213.36 | N46: 375779.56 | O46: 386751.49 | P46: 377146.59 | Q46: 363152.85 | R46: 364773.48 | S46: 365061.27 | T46: 368768.1 | U46: 359853.73 | V46: 354241.25 | W46: 348799.78 | X46: 342521.82 | Y46: 346589.48 | Z46: 323541.2 | AA46: 322152.41 | AB46: 319543.01 | AC46: 293966.56 | AD46: 302199.63 | AE46: 311212.77 | AF46: 324829.98 | AG46: 304799.32 | AH46: 303940.9 | AI46: 265759.53 | AJ46: 293377.19 | AK46: 281494.03 | AN46: =(AK46/E46)-1 -> -0.25130809
A47: EU | B47: Germany | C47: GHG | D47: without LULUCF | E47: 1250658.1 | F47: 1204651.7 | G47: 1155057.6 | H47: 1145879.3 | I47: 1127753.9 | J47: 1120598.2 | K47: 1137857.9 | L47: 1102105.2 | M47: 1077634.2 | N47: 1043398.4 | O47: 1040431.5 | P47: 1055088 | Q47: 1033356.5 | R47: 1024725 | S47: 1001225.1 | T47: 987522.87 | U47: 1000996.7 | V47: 960750 | W47: 968599.95 | X47: 899803.21 | Y47: 927911.78 | Z47: 904308.98 | AA47: 914497.84 | AB47: 931474.37 | AC47: 890888.48 | AD47: 899384.16 | AE47: 894710.83 | AF47: 879843.01 | AG47: 851701.95 | AH47: 796761.01 | AI47: 731752.75 | AJ47: 759599.65 | AK47: 749963.11 | AL47: -20%/30% | AM47: 1990 | AN47: =(AK47/E47)-1 -> -0.40034524 | AO47: -0.2 | AP47: 1990 | AQ47: -0.55 | AR47: 2030 | AS47: =(AK47/E47)-1 -> -0.40034524
D48: with LULUCF | E48: 1283538.5 | F48: 1179321 | G48: 1123778.8 | H48: 1115088.1 | I48: 1102468.2 | J48: 1101905.7 | K48: 1115681.2 | L48: 1080599.6 | M48: 1056830.5 | N48: 1019328.7 | O48: 1036573.2 | P48: 1041965.6 | Q48: 1053143.2 | R48: 1040594.1 | S48: 1013685.4 | T48: 996388.07 | U48: 1003209.7 | V48: 966635.85 | W48: 962614.3 | X48: 889261.99 | Y48: 926797.64 | Z48: 895934.29 | AA48: 898686.31 | AB48: 917510.5 | AC48: 884768.13 | AD48: 891566.97 | AE48: 884944.47 | AF48: 873690.99 | AG48: 852461.85 | AH48: 794299.25 | AI48: 737550.27 | AJ48: 762221.49 | AK48: 754344.76 | AN48: =(AK48/E48)-1 -> -0.41229282
C49: CO2 | D49: without LULUCF | E49: 1054795.9 | F49: 1016929.5 | G49: 969464.38 | H49: 959385.94 | I49: 943227.66 | J49: 939933.62 | K49: 959690.13 | L49: 931508.11 | M49: 923498.64 | N49: 895442.08 | O49: 898975.77 | P49: 915254.76 | Q49: 898834.27 | R49: 894501.06 | S49: 876569.89 | T49: 867880.55 | U49: 886434.34 | V49: 846116.18 | W49: 856607.45 | X49: 789950.75 | Y49: 826679.91 | Z49: 804513.79 | AA49: 814090.24 | AB49: 831742.83 | AC49: 792578.75 | AD49: 800844.49 | AE49: 798013.58 | AF49: 784593.9 | AG49: 760052.9 | AH49: 709826.68 | AI49: 648356.86 | AJ49: 678777.26 | AK49: 671471.53 | AN49: =(AK49/E49)-1 -> -0.36341092
D50: with LULUCF | E50: 1080533.6 | F50: 984463.08 | G50: 931015.8 | H50: 921458.59 | I50: 910809.82 | J50: 914116.92 | K50: 930383.25 | L50: 902879.53 | M50: 895576.58 | N50: 864259.91 | O50: 887998.19 | P50: 894792.95 | Q50: 911252.56 | R50: 902955.3 | S50: 881588.54 | T50: 869261.72 | U50: 881222.19 | V50: 844565.06 | W50: 843164.2 | X50: 771953.21 | Y50: 818098.78 | Z50: 788655.85 | AA50: 790771.47 | AB50: 810256.25 | AC50: 778893.65 | AD50: 785430.95 | AE50: 780686.89 | AF50: 770873.35 | AG50: 753106.59 | AH50: 699756.21 | AI50: 646544.47 | AJ50: 673807.72 | AK50: 668219.45 | AN50: =(AK50/E50)-1 -> -0.38158383
A51: EU | B51: Greece | C51: GHG | D51: without LULUCF | E51: 103985.69 | F51: 104006.32 | G51: 105287.68 | H51: 104828.03 | I51: 107457.62 | J51: 109581.14 | K51: 112615.89 | L51: 117470.44 | M51: 122993.71 | N51: 122985.88 | O51: 126659.44 | P51: 127730.96 | Q51: 127719.22 | R51: 131569.08 | S51: 132214.9 | T51: 136747.56 | U51: 133269.72 | V51: 135883.3 | W51: 132518.61 | X51: 125326.4 | Y51: 119233.58 | Z51: 116256.84 | AA51: 113007.78 | AB51: 103354.44 | AC51: 99937.243 | AD51: 96072.749 | AE51: 92397.52 | AF51: 96246.212 | AG51: 93010.745 | AH51: 86306.081 | AI51: 75855.313 | AJ51: 78003.719 | AK51: 78314.029 | AL51: -20%/30% | AM51: 1990 | AN51: =(AK51/E51)-1 -> -0.24687683 | AO51: -0.2 | AP51: 1990 | AQ51: -0.55 | AR51: 2030 | AS51: =(AK51/E51)-1 -> -0.24687683
D52: with LULUCF | E52: 101716.95 | F52: 101604.78 | G52: 102698.01 | H52: 101757.43 | I52: 104649.74 | J52: 106521.77 | K52: 110165.77 | L52: 115287.65 | M52: 120772.66 | N52: 120256.26 | O52: 124149.22 | P52: 125086.7 | Q52: 124735.59 | R52: 128834.47 | S52: 129498.31 | T52: 133197.4 | U52: 129659.23 | V52: 133634.84 | W52: 129185.76 | X52: 121897.4 | Y52: 115831.86 | Z52: 112745.94 | AA52: 109456.45 | AB52: 101312.51 | AC52: 99311.326 | AD52: 91799.138 | AE52: 88311.861 | AF52: 92360.229 | AG52: 88327.108 | AH52: 81166.313 | AI52: 70652.774 | AJ52: 72990.83 | AK52: 72923.154 | AN52: =(AK52/E52)-1 -> -0.28307766
C53: CO2 | D53: without LULUCF | E53: 83438.039 | F53: 83407.498 | G53: 84975.661 | H53: 84284.959 | I53: 86430.254 | J53: 86963.205 | K53: 89114.947 | L53: 93801.54 | M53: 98621.795 | N53: 97934.808 | O53: 102973.18 | P53: 105361.88 | Q53: 105000.51 | R53: 109066.72 | S53: 109485.27 | T53: 113888.96 | U53: 112419.55 | V53: 114545.69 | W53: 111080.35 | X53: 104319.84 | Y53: 97354.137 | Z53: 94505.22 | AA53: 91392.593 | AB53: 81713.254 | AC53: 78635.693 | AD53: 74926.665 | AE53: 71359.607 | AF53: 74841.755 | AG53: 71778.094 | AH53: 65736.281 | AI53: 55558.178 | AJ53: 57519.206 | AK53: 58122.294 | AN53: =(AK53/E53)-1 -> -0.30340771
D54: with LULUCF | E54: 81093.36 | F54: 80966.76 | G54: 82273.681 | H54: 81113.037 | I54: 83527.156 | J54: 83847.513 | K54: 86628.307 | L54: 91543.789 | M54: 96206.067 | N54: 95183.564 | O54: 100206.36 | P54: 102674.62 | Q54: 102001.99 | R54: 106314.69 | S54: 106740.66 | T54: 110313.88 | U54: 108770.96 | V54: 111899.96 | W54: 107680.83 | X54: 100820.65 | Y54: 93918.468 | Z54: 90959.314 | AA54: 87775.097 | AB54: 79638.68 | AC54: 77985.356 | AD54: 70627.148 | AE54: 67223.393 | AF54: 70921.006 | AG54: 67058.468 | AH54: 60490.979 | AI54: 50320.364 | AJ54: 52328.706 | AK54: 52652.156 | AN54: =(AK54/E54)-1 -> -0.35072174
A55: EU | B55: Hungary | C55: GHG | D55: without LULUCF | E55: 95061.823 | F55: 88848.046 | G55: 78861.161 | H55: 79352.053 | I55: 78871.162 | J55: 77669.517 | K55: 79916.274 | L55: 78499.438 | M55: 77984.731 | N55: 78310.491 | O55: 75452.941 | P55: 77276.823 | Q55: 75651.351 | R55: 78576.095 | S55: 77438.903 | T55: 77255.144 | U55: 75729.608 | V55: 74014.381 | W55: 71944.428 | X55: 65920.943 | Y55: 66508.629 | Z55: 64829.762 | AA55: 61510.854 | AB55: 58517.568 | AC55: 58864.961 | AD55: 62072.234 | AE55: 62600.479 | AF55: 64960.123 | AG55: 64914.004 | AH55: 64650.747 | AI55: 62683.214 | AJ55: 63744.711 | AK55: 59535.286 | AL55: -20%/30% | AM55: 1990 | AN55: =(AJ55/E55)-1 -> -0.32943942 | AO55: -0.2 | AP55: 1990 | AQ55: -0.55 | AR55: 2030 | AS55: =(AJ55/E55)-1 -> -0.32943942
D56: with LULUCF | E56: 91761.533 | F56: 86353.281 | G56: 75842.107 | H56: 73714.315 | I56: 72615.755 | J56: 71396.747 | K56: 77288.988 | L56: 75418.647 | M56: 73805.704 | N56: 76334.381 | O56: 74365.658 | P56: 74534.109 | Q56: 73599.944 | R56: 74151.907 | S56: 73976.47 | T56: 71262.9 | U56: 71657.063 | V56: 69649.874 | W56: 65881.167 | X56: 61322.852 | Y56: 61713.79 | Z56: 60657.995 | AA56: 56762.025 | AB56: 54456.328 | AC56: 53779.605 | AD56: 56397.163 | AE56: 58058.956 | AF56: 59616.326 | AG56: 60123.054 | AH56: 59282.149 | AI56: 55591.143 | AJ56: 56562.648 | AK56: 52748.555 | AN56: =(AJ56/E56)-1 -> -0.38359086
C57: CO2 | D57: without LULUCF | E57: 73427.365 | F57: 69824.879 | G57: 62280.751 | H57: 62991.335 | I57: 61880.355 | J57: 61464.135 | K57: 63083.043 | L57: 61675.94 | M57: 61255.407 | N57: 61575.133 | O57: 58244.415 | P57: 59827.765 | Q57: 58841.99 | R57: 61611.235 | S57: 59984.91 | T57: 60142.065 | U57: 59528.572 | V57: 58448.585 | W57: 57184.407 | X57: 51457.499 | Y57: 51992.712 | Z57: 50156.008 | AA57: 46720.169 | AB57: 43486.52 | AC57: 43638.886 | AD57: 46566.926 | AE57: 47039.147 | AF57: 49423.533 | AG57: 49376.218 | AH57: 49165.747 | AI57: 47107.428 | AJ57: 48330.958 | AK57: 45279.836 | AN57: =(AJ57/E57)-1 -> -0.34178548
D58: with LULUCF | E58: 70081.953 | F58: 67285.466 | G58: 59218.457 | H58: 57312.674 | I58: 55583.725 | J58: 55149.141 | K58: 60411.885 | L58: 58551.226 | M58: 57025.466 | N58: 59563.955 | O58: 57097.84 | P58: 57039.522 | Q58: 56741.326 | R58: 57140.756 | S58: 56485.51 | T58: 54094.024 | U58: 55429.919 | V58: 54035.128 | W58: 51085.86 | X58: 46810.93 | Y58: 47168.166 | Z58: 45929.401 | AA58: 41889.373 | AB58: 39390.336 | AC58: 38506.951 | AD58: 40840.985 | AE58: 42465.74 | AF58: 44028.901 | AG58: 44551.075 | AH58: 43750.978 | AI58: 39978.078 | AJ58: 41109.195 | AK58: 38360.098 | AN58: =(AJ58/E58)-1 -> -0.41341254
A59: EU | B59: Ireland | C59: GHG | D59: without LULUCF | E59: 55231.48 | F59: 56154.194 | G59: 56199.408 | H59: 56807.499 | I59: 58216.827 | J59: 59705.977 | K59: 61869.754 | L59: 63306.263 | M59: 65923.564 | N59: 67182.151 | O59: 69375.153 | P59: 71476.888 | Q59: 69638.232 | R59: 70136.63 | S59: 69400.748 | T59: 71213.79 | U59: 70703.821 | V59: 69566.109 | W59: 69032.538 | X59: 63256.162 | Y59: 62759.68 | Z59: 58582.429 | AA59: 59668.461 | AB59: 59446.155 | AC59: 58952.361 | AD59: 61447.651 | AE59: 63725.095 | AF59: 63148.042 | AG59: 63452.24 | AH59: 60870.872 | AI59: 58746.009 | AJ59: 61755.122 | AK59: 60604.886 | AL59: -20%/30% | AM59: 1990 | AN59: =(AK59/E59)-1 -> 0.097288822 | AO59: -0.2 | AP59: 1990 | AQ59: -0.55 | AR59: 2030 | AS59: =(AK59/E59)-1 -> 0.097288822
D60: with LULUCF | E60: 60242.304 | F60: 61084.711 | G60: 60927.05 | H60: 61809.317 | I60: 63362.707 | J60: 65857.416 | K60: 67767.734 | L60: 68487.299 | M60: 71093.726 | N60: 72398.563 | O60: 75243.257 | P60: 78664.778 | Q60: 76410.918 | R60: 77505.896 | S60: 75458.444 | T60: 77425.836 | U60: 76866.561 | V60: 74746.387 | W60: 73522.366 | X60: 67370.261 | Y60: 68007.891 | Z60: 62910.088 | AA60: 63053.955 | AB60: 63608.225 | AC60: 62690.254 | AD60: 65530.091 | AE60: 66923.41 | AF60: 68313.438 | AG60: 67638.73 | AH60: 65152.855 | AI60: 63898.457 | AJ60: 66382.909 | AK60: 64588.225 | AN60: =(AK60/E60)-1 -> 0.072140679
C61: CO2 | D61: without LULUCF | E61: 32945.3 | F61: 33675.165 | G61: 33496.133 | H61: 33717.149 | I61: 34838.994 | J61: 35853.36 | K61: 37469.465 | L61: 38804.936 | M61: 40708.441 | N61: 42440.315 | O61: 45249.517 | P61: 47607.712 | Q61: 46081.388 | R61: 45683.965 | S61: 46166.737 | T61: 48152.697 | U61: 47596.801 | V61: 47656.785 | W61: 47358.699 | X61: 42191.314 | Y61: 41791.597 | Z61: 38054.137 | AA61: 38224.185 | AB61: 37278.921 | AC61: 36850.168 | AD61: 38715.991 | AE61: 40366.879 | AF61: 39075.647 | AG61: 39009.368 | AH61: 37323.389 | AI61: 35124.47 | AJ61: 37544.272 | AK61: 36711.387 | AN61: =(AK61/E61)-1 -> 0.11431331
D62: with LULUCF | E62: 33661.263 | F62: 34366.304 | G62: 34045.575 | H62: 34518.419 | I62: 35786.219 | J62: 37777.106 | K62: 39139.003 | L62: 39848.805 | M62: 41797.989 | N62: 43597.182 | O62: 47009.983 | P62: 50425.014 | Q62: 48828.356 | R62: 48750.24 | S62: 48051.581 | T62: 50172.808 | U62: 49591.455 | V62: 48708.341 | W62: 47729.828 | X62: 42170.637 | Y62: 42501.432 | Z62: 38099.155 | AA62: 37503.682 | AB62: 37261.107 | AC62: 36385.13 | AD62: 38714.665 | AE62: 39545.923 | AF62: 39865.294 | AG62: 39024.198 | AH62: 37434.87 | AI62: 36123.156 | AJ62: 37936.108 | AK62: 36355.054 | AN62: =(AK62/E62)-1 -> 0.080026449
A63: EU | B63: Italy | C63: GHG | D63: without LULUCF | E63: 521061.92 | F63: 522298.46 | G63: 521486.98 | H63: 514684.28 | I63: 508811.3 | J63: 535289.21 | K63: 530085.05 | L63: 537762.58 | M63: 550562.61 | N63: 556335.15 | O63: 560248.85 | P63: 562350.93 | Q63: 568690.11 | R63: 588233.69 | S63: 593688.74 | T63: 594557.05 | U63: 584033.16 | V63: 578444.9 | W63: 565442.86 | X63: 510214.98 | Y63: 521511.21 | Z63: 508256.15 | AA63: 488879.05 | AB63: 452894.01 | AC63: 431278.16 | AD63: 441864.28 | AE63: 438411.74 | AF63: 431598.54 | AG63: 427507.1 | AH63: 415707.22 | AI63: 378346.05 | AJ63: 410542.04 | AK63: 412312.78 | AL63: -20%/30% | AM63: 1990 | AN63: =(AK63/E63)-1 -> -0.20870676 | AO63: -0.2 | AP63: 1990 | AQ63: -0.55 | AR63: 2030 | AS63: =(AK63/E63)-1 -> -0.20870676
D64: with LULUCF | E64: 517418.77 | F64: 503655.82 | G64: 505003.27 | H64: 511023.31 | I64: 492133.06 | J64: 511901.55 | K64: 505222.06 | L64: 521360.3 | M64: 536733.23 | N64: 533212.87 | O64: 540025.83 | P64: 532183.14 | Q64: 534226.52 | R64: 561610.9 | S64: 560810.72 | T64: 560872.01 | U64: 549676.15 | V64: 566572.4 | W64: 535435.16 | X64: 477081.71 | Y64: 481827.58 | Z64: 475599.45 | AA64: 465268.11 | AB64: 413236.98 | AC64: 391043.23 | AD64: 399928.98 | AE64: 397498.86 | AF64: 411171.74 | AG64: 385607 | AH64: 378004.78 | AI64: 350846.92 | AJ64: 385754.95 | AK64: 391113.49 | AN64: =(AK64/E64)-1 -> -0.2441065
C65: CO2 | D65: without LULUCF | E65: 438208.03 | F65: 437741.83 | G65: 437936.51 | H65: 430267.77 | I65: 424506.71 | J65: 448595.81 | K65: 442842.92 | L65: 448570.96 | M65: 460824.37 | N65: 465507.84 | O65: 469598.27 | P65: 469679.26 | Q65: 477107.22 | R65: 495093.78 | S65: 500687.24 | T65: 501365.57 | U65: 496074.79 | V65: 489794.14 | W65: 478127.96 | X65: 424061.78 | Y65: 435700.92 | Z65: 423897.87 | AA65: 403444.46 | AB65: 369461.68 | AC65: 349390.64 | AD65: 361246.35 | AE65: 358135.74 | AF65: 352668.57 | AG65: 349050.97 | AH65: 339641.02 | AI65: 302613.86 | AJ65: 335919.66 | AK65: 340904.2 | AN65: =(AK65/E65)-1 -> -0.22204942
D66: with LULUCF | E66: 432936.73 | F66: 417927.31 | G66: 420215.99 | H66: 424804.79 | I66: 406467.24 | J66: 424242.48 | K66: 417159.9 | L66: 431012.01 | M66: 445670.36 | N66: 441487.04 | O66: 448286.43 | P66: 438624.04 | Q66: 441942.25 | R66: 467493.57 | S66: 467031.5 | T66: 466925.47 | U66: 461014.05 | V66: 476240.42 | W66: 447186.97 | X66: 389966.56 | Y66: 395418.92 | Z66: 390466.44 | AA66: 378526.92 | AB66: 329397.56 | AC66: 308656.45 | AD66: 318828.26 | AE66: 316618.94 | AF66: 330589.61 | AG66: 306636.34 | AH66: 301380.14 | AI66: 274409.02 | AJ66: 310024.44 | AK66: 318796.21 | AN66: =(AK66/E66)-1 -> -0.26364249
A67: EU | B67: Latvia | C67: GHG | D67: without LULUCF | E67: 26020.479 | F67: 24130.488 | G67: 19359.739 | H67: 15903.167 | I67: 13956.169 | J67: 12587.644 | K67: 12637.113 | L67: 12078.166 | M67: 11574.116 | N67: 10787.863 | O67: 10166.474 | P67: 10758.816 | Q67: 10726.707 | R67: 10921.104 | S67: 10862.535 | T67: 11020.074 | U67: 11489.424 | V67: 11935.205 | W67: 11474.903 | X67: 10790.25 | Y67: 11871.067 | Z67: 11077.41 | AA67: 10894.224 | AB67: 10803.022 | AC67: 10715.279 | AD67: 10754.39 | AE67: 10750.843 | AF67: 10783.866 | AG67: 11277.359 | AH67: 11140.968 | AI67: 10491.404 | AJ67: 10733.991 | AK67: 10119.774 | AL67: -20%/30% | AM67: 1990 | AN67: =(AK67/E67)-1 -> -0.61108424 | AO67: -0.2 | AP67: 1990 | AQ67: -0.55 | AR67: 2030 | AS67: =(AK67/E67)-1 -> -0.61108424
D68: with LULUCF | E68: 13630.393 | F68: 11319.82 | G68: 6160.8996 | H68: 2827.2772 | I68: -2019.6421 | J68: -2250.6181 | K68: -2367.4077 | L68: -1157.6202 | M68: -711.99526 | N68: 2179.0565 | O68: -1684.6519 | P68: -1591.8364 | Q68: 104.37867 | R68: 724.51323 | S68: 4390.8865 | T68: 5114.743 | U68: 4814.7728 | V68: 5697.8183 | W68: 4863.2045 | X68: 7094.181 | Y68: 9976.2978 | Z68: 8802.1157 | AA68: 7280.1598 | AB68: 8497.6914 | AC68: 12316.001 | AD68: 11117.294 | AE68: 9302.146 | AF68: 7893.1502 | AG68: 10889.449 | AH68: 9172.455 | AI68: 11249.69 | AJ68: 12935.654 | AK68: 15063.939 | AN68: =(AK68/E68)-1 -> 0.10517272
C69: CO2 | D69: without LULUCF | E69: 19661.603 | F69: 17919.586 | G69: 14193.533 | H69: 11921.674 | I69: 10370.181 | J69: 9133.9414 | K69: 9211.6595 | L69: 8679.9159 | M69: 8306.0226 | N69: 7717.8599 | O69: 7081.6295 | P69: 7496.5063 | Q69: 7520.4183 | R69: 7726.0404 | S69: 7731.1978 | T69: 7810.7637 | U69: 8310.1148 | V69: 8637.2331 | W69: 8198.0576 | X69: 7456.1956 | Y69: 8554.5214 | Z69: 7811.0337 | AA69: 7519.7243 | AB69: 7368.7542 | AC69: 7172.2081 | AD69: 7262.431 | AE69: 7210.6949 | AF69: 7215.3316 | AG69: 7857.3374 | AH69: 7648.4827 | AI69: 6997.9878 | AJ69: 7238.0929 | AK69: 6619.7166 | AN69: =(AK69/E69)-1 -> -0.66331755
D70: with LULUCF | E70: 6262.6544 | F70: 4087.1074 | G70: -118.69489 | H70: -2180.0831 | I70: -6628.3283 | J70: -6737.5752 | K70: -6827.7244 | L70: -5593.1411 | M70: -5018.0708 | N70: -1962.2665 | O70: -5819.7311 | P70: -5868.5203 | Q70: -4153.0374 | R70: -3503.5082 | S70: 227.18464 | T70: 897.63382 | U70: 572.86268 | V70: 1382.1554 | W70: 564.68446 | X70: 2715.7735 | Y70: 5601.4305 | Z70: 4464.0597 | AA70: 2812.4554 | AB70: 3944.2735 | AC70: 7611.1994 | AD70: 6414.8119 | AE70: 4499.59 | AF70: 3010.2086 | AG70: 6060.5012 | AH70: 4284.9717 | AI70: 6348.6348 | AJ70: 8005.7328 | AK70: 10105.104 | AN70: =(AK70/E70)-1 -> 0.61354968
A71: EU | B71: Lithuania | C71: GHG | D71: without LULUCF | E71: 48020.05 | F71: 49979.147 | G71: 30947.151 | H71: 24825.129 | I71: 23435.231 | J71: 22401.485 | K71: 23371.656 | L71: 22918.838 | M71: 23809.77 | N71: 21001.822 | O71: 19394.234 | P71: 20166.667 | Q71: 20523.616 | R71: 20689.903 | S71: 21488.798 | T71: 22335.377 | U71: 22658.499 | V71: 24590.435 | W71: 23722.794 | X71: 19713.669 | Y71: 20632.757 | Z71: 20995.27 | AA71: 20971.422 | AB71: 19845.057 | AC71: 19739.586 | AD71: 20029.496 | AE71: 20093.141 | AF71: 20217.277 | AG71: 19897.325 | AH71: 20109.993 | AI71: 20009.823 | AJ71: 20174.035 | AK71: 18903.728 | AL71: -20%/30% | AM71: 1990 | AN71: =(AK71/E71)-1 -> -0.60633677 | AO71: -0.2 | AP71: 1990 | AQ71: -0.55 | AR71: 2030 | AS71: =(AK71/E71)-1 -> -0.60633677
D72: with LULUCF | E72: 42668.485 | F72: 44308.289 | G72: 26075.803 | H72: 18419.05 | I72: 17514.755 | J72: 17756.36 | K72: 24255.308 | L72: 22588.154 | M72: 15889.748 | N72: 13766.383 | O72: 9869.2367 | P72: 12813.585 | Q72: 14124.106 | R72: 15055.947 | S72: 16398.494 | T72: 18141.732 | U72: 18871.001 | V72: 18970.583 | W72: 17419.195 | X72: 12447.294 | Y72: 10202.812 | Z72: 10462.762 | AA72: 10874.92 | AB72: 10322.881 | AC72: 10969.672 | AD72: 12094.454 | AE72: 12957.252 | AF72: 13664.298 | AG72: 14158.304 | AH72: 14185.13 | AI72: 13918.638 | AJ72: 14651.586 | AK72: 12529.029 | AN72: =(AK72/E72)-1 -> -0.7063634
C73: CO2 | D73: without LULUCF | E73: 35737.673 | F73: 37820.377 | G73: 21168.441 | H73: 16319.713 | I73: 15767.042 | J73: 15057.343 | K73: 15739.963 | L73: 15162.846 | M73: 15997.053 | N73: 13449.596 | O73: 11843.035 | P73: 12593.737 | Q73: 12666.029 | R73: 12659.431 | S73: 13254.143 | T73: 13862.545 | U73: 14195.265 | V73: 15473.504 | W73: 14918.791 | X73: 12829.125 | Y73: 13801.892 | Z73: 13959.649 | AA73: 14054.137 | AB73: 13152.417 | AC73: 12852.865 | AD73: 13053.392 | AE73: 13119.953 | AF73: 13283.917 | AG73: 13432.246 | AH73: 13665.541 | AI73: 13524.976 | AJ73: 13810.83 | AK73: 12952.537 | AN73: =(AK73/E73)-1 -> -0.6375663
D74: with LULUCF | E74: 30284.564 | F74: 32048.898 | G74: 16189.306 | H74: 9810.7612 | I74: 9732.832 | J74: 10306.778 | K74: 16519.226 | L74: 14729.496 | M74: 7977.9599 | N74: 6106.9325 | O74: 2217.9137 | P74: 5144.2464 | Q74: 6169.2765 | R74: 6924.452 | S74: 8055.6136 | T74: 9572.8898 | U74: 10285.54 | V74: 9756.9829 | W74: 8511.213 | X74: 5447.1852 | Y74: 3259.0482 | Z74: 3313.4229 | AA74: 3848.7666 | AB74: 3517.9005 | AC74: 3966.5582 | AD74: 5004.7759 | AE74: 5863.5294 | AF74: 6609.9192 | AG74: 7564.251 | AH74: 7610.8546 | AI74: 7317.4255 | AJ74: 8163.0613 | AK74: 6463.0305 | AN74: =(AK74/E74)-1 -> -0.78658995
A75: EU | B75: Luxembourg | C75: GHG | D75: without LULUCF | E75: 12726.714 | F75: 13349.373 | G75: 13114.48 | H75: 13278.362 | I75: 12433.463 | J75: 10062.474 | K75: 10123.897 | L75: 9483.2283 | M75: 8588.8896 | N75: 9056.3617 | O75: 9638.1159 | P75: 10142.887 | Q75: 10919.054 | R75: 11375.195 | S75: 12745.74 | T75: 13000.497 | U75: 12829.809 | V75: 12242.318 | W75: 12131.478 | X75: 11584.832 | Y75: 12158.063 | Z75: 12037.826 | AA75: 11803.372 | AB75: 11281.154 | AC75: 10782.161 | AD75: 10313.09 | AE75: 10079.636 | AF75: 10260.516 | AG75: 10562.685 | AH75: 10731.073 | AI75: 9037.0951 | AJ75: 9383.2849 | AK75: 8192.3271 | AL75: -20%/30% | AM75: 1990 | AN75: =(AK75/E75)-1 -> -0.35628888 | AO75: -0.2 | AP75: 1990 | AQ75: -0.55 | AR75: 2030 | AS75: =(AK75/E75)-1 -> -0.35628888
D76: with LULUCF | E76: 12735.694 | F76: 13290.451 | G76: 12649.948 | H76: 12687.132 | I76: 11990.018 | J76: 9539.8243 | K76: 9565.5206 | L76: 8838.9119 | M76: 8050.4532 | N76: 8451.6156 | O76: 9023.3551 | P76: 9549.5089 | Q76: 10336 | R76: 10811.874 | S76: 12136.271 | T76: 12434.521 | U76: 12344.819 | V76: 11849.589 | W76: 11720.785 | X76: 11161.779 | Y76: 11952.661 | Z76: 11739.657 | AA76: 11435.174 | AB76: 10767.318 | AC76: 10359.573 | AD76: 9943.8848 | AE76: 9611.3173 | AF76: 9881.0879 | AG76: 10321.537 | AH76: 10367.482 | AI76: 8589.4495 | AJ76: 8777.9402 | AK76: 7544.116 | AN76: =(AK76/E76)-1 -> -0.40763999
C77: CO2 | D77: without LULUCF | E77: 11813.174 | F77: 12423.834 | G77: 12192.271 | H77: 12341.043 | I77: 11525.18 | J77: 9135.5679 | K77: 9186.1379 | L77: 8546.7589 | M77: 7654.7222 | N77: 8117.3609 | O77: 8702.4326 | P77: 9205.6361 | Q77: 9978.7111 | R77: 10451.037 | S77: 11819.385 | T77: 12076.765 | U77: 11908.74 | V77: 11304.986 | W77: 11169.353 | X77: 10625.156 | Y77: 11194.66 | Z77: 11097.074 | AA77: 10866.492 | AB77: 10333.663 | AC77: 9816.0766 | AD77: 9345.2655 | AE77: 9090.3872 | AF77: 9262.836 | AG77: 9567.291 | AH77: 9761.764 | AI77: 8074.9255 | AJ77: 8420.5784 | AK77: 7276.7237 | AN77: =(AK77/E77)-1 -> -0.38401623
D78: with LULUCF | E78: 11812.012 | F78: 12354.769 | G78: 11717.596 | H78: 11739.67 | I78: 11071.592 | J78: 8602.7746 | K78: 8617.6186 | L78: 7892.2995 | M78: 7106.1427 | N78: 7502.4717 | O78: 8077.5271 | P78: 8602.113 | Q78: 9379.6609 | R78: 9871.7206 | S78: 11193.92 | T78: 11494.793 | U78: 11407.755 | V78: 10896.262 | W78: 10740.905 | X78: 10184.348 | Y78: 10971.502 | Z78: 10781.151 | AA78: 10480.54 | AB78: 9810.8835 | AC78: 9384.5445 | AD78: 8967.1163 | AE78: 8613.5584 | AF78: 8874.898 | AG78: 9317.6329 | AH78: 9389.6635 | AI78: 7618.7701 | AJ78: 7806.7239 | AK78: 6625.7166 | AN78: =(AK78/E78)-1 -> -0.4390696
A79: EU | B79: Malta | C79: GHG | D79: without LULUCF | E79: 2626.1392 | F79: 2479.8521 | G79: 2512.8272 | H79: 3115.5736 | I79: 2893.6714 | J79: 2690.9395 | K79: 2781.5348 | L79: 2813.1701 | M79: 2787.3734 | N79: 2844.8582 | O79: 2749.4499 | P79: 3025.6373 | Q79: 3046.4745 | R79: 3268.7262 | S79: 3175.6627 | T79: 2989.4765 | U79: 3035.6554 | V79: 3127.0786 | W79: 3040.6281 | X79: 2908.0136 | Y79: 2965.5367 | Z79: 2971.3334 | AA79: 3142.7237 | AB79: 2834.4304 | AC79: 2845.5093 | AD79: 2148.6295 | AE79: 1851.0459 | AF79: 2016.3269 | AG79: 2019.6173 | AH79: 2128.1356 | AI79: 2086.0809 | AJ79: 2098.7531 | AK79: 2262.4143 | AL79: -20%/30% | AM79: 1990 | AN79: =(AK79/E79)-1 -> -0.13850176 | AO79: -0.2 | AP79: 1990 | AQ79: -0.55 | AR79: 2030 | AS79: =(AK79/E79)-1 -> -0.13850176
D80: with LULUCF | E80: 2616.2329 | F80: 2464.7942 | G80: 2501.704 | H80: 3104.8879 | I80: 2883.5913 | J80: 2681.6445 | K80: 2772.4798 | L80: 2804.1551 | M80: 2778.8793 | N80: 2835.816 | O80: 2740.543 | P80: 3020.153 | Q80: 3066.8284 | R80: 3289.1067 | S80: 3175.1307 | T80: 2989.4482 | U80: 3034.893 | V80: 3127.0208 | W80: 3054.4903 | X80: 2921.7674 | Y80: 2979.5252 | Z80: 2972.0057 | AA80: 3143.4186 | AB80: 2835.0384 | AC80: 2846.6425 | AD80: 2149.8241 | AE80: 1851.9542 | AF80: 2018.9731 | AG80: 2021.2449 | AH80: 2134.2554 | AI80: 2094.624 | AJ80: 2099.3785 | AK80: 2263.1862 | AN80: =(AK80/E80)-1 -> -0.13494469
C81: CO2 | D81: without LULUCF | E81: 2427.3968 | F81: 2271.8434 | G81: 2293.5966 | H81: 2885.5877 | I81: 2658.3448 | J81: 2452.1261 | K81: 2533.9468 | L81: 2556.2489 | M81: 2524.9363 | N81: 2572.8653 | O81: 2468.1535 | P81: 2736.5587 | Q81: 2747.2268 | R81: 2960.8332 | S81: 2849.056 | T81: 2649.7558 | U81: 2655.2811 | V81: 2727.7196 | W81: 2721.192 | X81: 2560.7438 | Y81: 2619.1405 | Z81: 2608.0524 | AA81: 2748.8847 | AB81: 2429.4512 | AC81: 2417.0998 | AD81: 1699.3571 | AE81: 1375.6042 | AF81: 1536.8686 | AG81: 1547.4017 | AH81: 1648.7763 | AI81: 1600.3916 | AJ81: 1610.8548 | AK81: 1773.6279 | AN81: =(AK81/E81)-1 -> -0.2693292
D82: with LULUCF | E82: 2417.142 | F82: 2256.432 | G82: 2282.1685 | H82: 2874.5937 | I82: 2647.9548 | J82: 2442.5252 | K82: 2524.5875 | L82: 2546.9354 | M82: 2516.1435 | N82: 2563.5658 | O82: 2458.9872 | P82: 2730.8617 | Q82: 2767.357 | R82: 2980.9786 | S82: 2848.287 | T82: 2649.4918 | U82: 2654.2955 | V82: 2727.4484 | W82: 2734.8552 | X82: 2574.3132 | Y82: 2632.995 | Z82: 2608.5927 | AA82: 2749.4494 | AB82: 2429.9308 | AC82: 2418.105 | AD82: 1700.4241 | AE82: 1376.3853 | AF82: 1539.3783 | AG82: 1548.8786 | AH82: 1654.5269 | AI82: 1608.3469 | AJ82: 1610.8904 | AK82: 1773.821 | AN82: =(AK82/E82)-1 -> -0.26614946
A83: EU | B83: Netherlands | C83: GHG | D83: without LULUCF | E83: 221843.64 | F83: 229669.32 | G83: 230109.3 | H83: 230444.4 | I83: 231159.08 | J83: 231245.67 | K83: 241569.03 | L83: 233154.37 | M83: 233362.56 | N83: 220924.96 | O83: 219270.68 | P83: 220594.53 | Q83: 218241.28 | R83: 218958.84 | S83: 220497.88 | T83: 214648.25 | U83: 209512.06 | V83: 208046.04 | W83: 207821.94 | X83: 202046.42 | Y83: 213984.23 | Z83: 199782.25 | AA83: 195479.23 | AB83: 194941.06 | AC83: 186721.42 | AD83: 193759.05 | AE83: 194341.54 | AF83: 191639.08 | AG83: 186431.85 | AH83: 180567.61 | AI83: 164038.6 | AJ83: 166572.83 | AK83: 152926.65 | AL83: -20%/30% | AM83: 1990 | AN83: =(AK83/E83)-1 -> -0.3106557 | AO83: -0.2 | AP83: 1990 | AQ83: -0.55 | AR83: 2030 | AS83: =(AK83/E83)-1 -> -0.3106557
D84: with LULUCF | E84: 227216.91 | F84: 235088.86 | G84: 235466.73 | H84: 235866.86 | I84: 236581.51 | J84: 236458.28 | K84: 246641.95 | L84: 238022.21 | M84: 238670.71 | N84: 226021.72 | O84: 224655.77 | P84: 226513.12 | Q84: 224346.8 | R84: 224391.55 | S84: 226096.4 | T84: 220172.27 | U84: 214876.82 | V84: 213777.88 | W84: 213877.16 | X84: 207836.41 | Y84: 219409.9 | Z84: 205431.03 | AA84: 200894.6 | AB84: 199880.87 | AC84: 192604.59 | AD84: 199940.33 | AE84: 200273.14 | AF84: 196749.54 | AG84: 191461.29 | AH84: 185261.28 | AI84: 168365.01 | AJ84: 170959.72 | AK84: 157987 | AN84: =(AK84/E84)-1 -> -0.30468641
C85: CO2 | D85: without LULUCF | E85: 162797.93 | F85: 171193.49 | G85: 170996.98 | H85: 170964.5 | I85: 171730.57 | J85: 173260.98 | K85: 182322.61 | L85: 175247.15 | M85: 176178.67 | N85: 170835.46 | O85: 171936.08 | P85: 177246.83 | Q85: 176525.37 | R85: 179964.3 | S85: 181892.29 | T85: 177931.35 | U85: 173085.16 | V85: 172833.04 | W85: 175705.28 | X85: 170234.05 | Y85: 182288.83 | Z85: 169161.59 | AA85: 165575.03 | AB85: 164757.59 | AC85: 157342.29 | AD85: 163743.26 | AE85: 164607.85 | AF85: 162077.68 | AG85: 158041.75 | AH85: 152422 | AI85: 136669.99 | AJ85: 139683.82 | AK85: 127241 | AN85: =(AK85/E85)-1 -> -0.21841143
D86: with LULUCF | E86: 167475.66 | F86: 175918.41 | G86: 175660.41 | H86: 175693.31 | I86: 176459.42 | J86: 177779.81 | K86: 186701.26 | L86: 179419.97 | M86: 180790.78 | N86: 175234.9 | O86: 176622.31 | P86: 182464.76 | Q86: 181928.17 | R86: 184691.98 | S86: 186784.21 | T86: 182746.94 | U86: 177739.4 | V86: 177852.01 | W86: 181045.02 | X86: 175308.83 | Y86: 186999.35 | Z86: 174094.8 | AA86: 170273.92 | AB86: 168988.05 | AC86: 162522.03 | AD86: 169226.67 | AE86: 169846.8 | AF86: 166499.25 | AG86: 162385.74 | AH86: 156433.34 | AI86: 140316.89 | AJ86: 143392.03 | AK86: 131623.25 | AN86: =(AK86/E86)-1 -> -0.21407535
A87: EU | B87: Poland | C87: GHG | D87: without LULUCF | E87: 475466.59 | F87: 463378.49 | G87: 450631.5 | H87: 450220.13 | I87: 444563.48 | J87: 446357.37 | K87: 460100.68 | L87: 449935.6 | M87: 419246.39 | N87: 407666.18 | O87: 394337.18 | P87: 393066.38 | Q87: 382983.16 | R87: 396138.11 | S87: 401540.21 | T87: 401392.9 | U87: 416038.54 | V87: 415108.19 | W87: 407800.95 | X87: 389539.64 | Y87: 406676.74 | Z87: 405262.2 | AA87: 397501.77 | AB87: 393250.29 | AC87: 380554.26 | AD87: 382933.05 | AE87: 393810.95 | AF87: 408404.24 | AG87: 408519.58 | AH87: 385935.44 | AI87: 370910.76 | AJ87: 398897.9 | AK87: 380090.21 | AL87: -20%/30% | AM87: 1990 | AN87: =(AK87/E87)-1 -> -0.20059534 | AO87: -0.2 | AP87: 1990 | AQ87: -0.55 | AR87: 2030 | AS87: =(AK87/E87)-1 -> -0.20059534
D88: with LULUCF | E88: 447129.6 | F88: 441954.61 | G88: 450279.05 | H88: 442012.91 | I88: 436661.59 | J88: 428029.48 | K88: 424166.96 | L88: 413914.75 | M88: 377343.18 | N88: 368370.9 | O88: 358235.98 | P88: 364513.38 | Q88: 345528.8 | R88: 356502.14 | S88: 350492.27 | T88: 350818.21 | U88: 371218.41 | V88: 377016.26 | W88: 369906.07 | X88: 351588.31 | Y88: 370342.01 | Z88: 363296 | AA88: 354976.38 | AB88: 348343.65 | AC88: 343035.83 | AD88: 348833.09 | AE88: 353029.47 | AF88: 366742.21 | AG88: 367559.28 | AH88: 363374.15 | AI88: 347580.59 | AJ88: 374981.24 | AK88: 344445.88 | AN88: =(AK88/E88)-1 -> -0.22965092
C89: CO2 | D89: without LULUCF | E89: 376641.22 | F89: 373622.74 | G89: 364510.56 | H89: 365174.87 | I89: 360218.41 | J89: 362614.51 | K89: 377285.35 | L89: 367235.53 | M89: 339076.15 | N89: 329265.79 | O89: 317452.25 | P89: 313500.68 | Q89: 306122.94 | R89: 318951.11 | S89: 323796.38 | T89: 322768.48 | U89: 336577.28 | V89: 335924.3 | W89: 329565.66 | X89: 316042.83 | Y89: 334222.44 | Z89: 333601.41 | AA89: 325956.36 | AB89: 321927.25 | AC89: 309596.25 | AD89: 312756.24 | AE89: 323554.93 | AF89: 336766.86 | AG89: 336069.38 | AH89: 317724.82 | AI89: 302432.71 | AJ89: 330979.42 | AK89: 315042.26 | AN89: =(AK89/E89)-1 -> -0.16354809
D90: with LULUCF | E90: 346359.93 | F90: 350346.33 | G90: 361923.67 | H90: 355114.56 | I90: 350486.64 | J90: 342526.13 | K90: 339564.31 | L90: 329554.38 | M90: 295587.35 | N90: 288397.74 | O90: 279844.64 | P90: 283581.47 | Q90: 267336.18 | R90: 277846.5 | S90: 271509.76 | T90: 271002.72 | U90: 290602.98 | V90: 296719.07 | W90: 290592.79 | X90: 277015.65 | Y90: 296809.95 | Z90: 290555.34 | AA90: 282296.23 | AB90: 275933.68 | AC90: 270841.76 | AD90: 277381.48 | AE90: 280814.74 | AF90: 293096.05 | AG90: 293089.85 | AH90: 293118.05 | AI90: 276997.87 | AJ90: 305013.36 | AK90: 277295.26 | AN90: =(AK90/E90)-1 -> -0.19940144
A91: EU | B91: Portugal | C91: GHG | D91: without LULUCF | E91: 58857.193 | F91: 60797.334 | G91: 64590.689 | H91: 63026.476 | I91: 63940.678 | J91: 68653.009 | K91: 66431.628 | L91: 69673.852 | M91: 74589.092 | N91: 82775.38 | O91: 82101.849 | P91: 81616.455 | Q91: 85979.7 | R91: 80829.416 | S91: 84003.055 | T91: 85859.688 | U91: 80995.253 | V91: 78693.759 | W91: 76237.391 | X91: 73179.244 | Y91: 68775.554 | Z91: 67378.224 | AA91: 65337.813 | AB91: 63433.683 | AC91: 63324.034 | AD91: 67511.53 | AE91: 65673.26 | AF91: 70829.524 | AG91: 67181.373 | AH91: 63633.024 | AI91: 57500.972 | AJ91: 56117.275 | AK91: 56254.517 | AL91: -20%/30% | AM91: 1990 | AN91: =(AK91/E91)-1 -> -0.044220179 | AO91: -0.2 | AP91: 1990 | AQ91: -0.55 | AR91: 2030 | AS91: =(AK91/E91)-1 -> -0.044220179
D92: with LULUCF | E92: 65994.981 | F92: 58566.147 | G92: 55723.419 | H92: 53333.774 | I92: 55114.432 | J92: 58461.597 | K92: 57373.57 | L92: 59577.155 | M92: 64880.919 | N92: 72572.224 | O92: 80055.39 | P92: 73275.03 | Q92: 78065.119 | R92: 85759.165 | S92: 79616.287 | T92: 89348.974 | U92: 79058.078 | V92: 75194.624 | W92: 66775.566 | X92: 62818.585 | Y92: 62214.4 | Z92: 64331.835 | AA92: 64152.97 | AB92: 63416.078 | AC92: 58208.269 | AD92: 63729.097 | AE92: 66723.882 | AF92: 92301.404 | AG92: 63684.449 | AH92: 59134.486 | AI92: 52793.849 | AJ92: 50096.225 | AK92: 50329.554 | AN92: =(AK92/E92)-1 -> -0.237373
C93: CO2 | D93: without LULUCF | E93: 45310.594 | F93: 47130.885 | G93: 50956.562 | H93: 49468.822 | I93: 50242.517 | J93: 54502.63 | K93: 51799.281 | L93: 54669.146 | M93: 59210.639 | N93: 66877.968 | O93: 65656.592 | P93: 65187.082 | Q93: 69582.311 | R93: 64481.776 | S93: 67302.074 | T93: 69639.505 | U93: 64855.827 | V93: 62379.786 | W93: 60009.402 | X93: 57146.816 | Y93: 52889.748 | Z93: 51783.539 | AA93: 49931.853 | AB93: 48146.19 | AC93: 47942.323 | AD93: 52233.045 | AE93: 50310.915 | AF93: 55165.159 | AG93: 51340.315 | AH93: 47583.115 | AI93: 41738.251 | AJ93: 40284.111 | AK93: 40687.054 | AN93: =(AK93/E93)-1 -> -0.10204104
D94: with LULUCF | E94: 51015.769 | F94: 43994.736 | G94: 41593.739 | H94: 39290.542 | I94: 40799.037 | J94: 43586.993 | K94: 42180.953 | L94: 44099.027 | M94: 48888.558 | N94: 56161.887 | O94: 62722.822 | P94: 56053.32 | Q94: 60752.569 | R94: 67574.326 | S94: 62079.422 | T94: 71415.557 | U94: 62080.712 | V94: 58143.859 | W94: 49871.399 | X94: 45929.091 | Y94: 45302.387 | Z94: 47888.142 | AA94: 47766.241 | AB94: 47072.433 | AC94: 42126.932 | AD94: 47642.079 | AE94: 50238.302 | AF94: 74285.397 | AG94: 47154.206 | AH94: 42408.294 | AI94: 36325.94 | AJ94: 33409.448 | AK94: 33917.712 | AN94: =(AK94/E94)-1 -> -0.33515238
A95: EU | B95: Romania | C95: GHG | D95: without LULUCF | E95: 256659.65 | F95: 210173.14 | G95: 194637.08 | H95: 184045.93 | I95: 181511.12 | J95: 188442.64 | K95: 191446.9 | L95: 184875.62 | M95: 167954.01 | N95: 150088.09 | O95: 142084.51 | P95: 145799.27 | Q95: 147795.79 | R95: 153544.07 | S95: 151570.41 | T95: 150130.03 | U95: 151560.3 | V95: 155027.39 | W95: 151702.05 | X95: 130345.49 | Y95: 124814.04 | Z95: 132255.17 | AA95: 129285.05 | AB95: 117952.55 | AC95: 118203.77 | AD95: 116920.05 | AE95: 114972.16 | AF95: 117932.57 | AG95: 118673.45 | AH95: 115418.42 | AI95: 111607.9 | AJ95: 115508.61 | AK95: 109973.16 | AL95: -20%/30% | AM95: 1990 | AN95: =(AK95/E95)-1 -> -0.57152144 | AO95: -0.2 | AP95: 1990 | AQ95: -0.55 | AR95: 2030 | AS95: =(AK95/E95)-1 -> -0.57152144
D96: with LULUCF | E96: 230420.27 | F96: 183685.2 | G96: 166870.09 | H96: 155102.09 | I96: 153078.18 | J96: 160212.7 | K96: 163890.76 | L96: 156698.61 | M96: 137785.76 | N96: 120100.94 | O96: 111983.89 | P96: 114889.09 | Q96: 118361.87 | R96: 123454.6 | S96: 121553.4 | T96: 119172.06 | U96: 120961.09 | V96: 123363.39 | W96: 119488.37 | X96: 101164.33 | Y96: 89752.592 | Z96: 96610.37 | AA96: 91109.398 | AB96: 79687.738 | AC96: 68948.444 | AD96: 68507.798 | AE96: 64460.334 | AF96: 69223.782 | AG96: 71903.028 | AH96: 68684.642 | AI96: 62497.576 | AJ96: 67359.674 | AK96: 63506.757 | AN96: =(AK96/E96)-1 -> -0.72438728
C97: CO2 | D97: without LULUCF | E97: 176558.04 | F97: 142277.11 | G97: 132075.62 | H97: 122766.54 | I97: 120971.37 | J97: 125770.27 | K97: 129198.31 | L97: 118188.03 | M97: 104894.69 | N97: 89038.897 | O97: 93354.125 | P97: 99007.411 | Q97: 99299.68 | R97: 103742.37 | S97: 102945.21 | T97: 100955.89 | U97: 103846.02 | V97: 108487.73 | W97: 107036.96 | X97: 87847.67 | Y97: 84409.72 | Z97: 92313.632 | AA97: 89810.36 | AB97: 78788.14 | AC97: 79325.713 | AD97: 78044.173 | AE97: 76586.286 | AF97: 79428.875 | AG97: 79868.321 | AH97: 76686.89 | AI97: 73943.447 | AJ97: 77505.771 | AK97: 73251.014 | AN97: =(AK97/E97)-1 -> -0.58511651
D98: with LULUCF | E98: 150122.72 | F98: 115594.74 | G98: 104114.05 | H98: 93629.752 | I98: 92347.102 | J98: 97350.347 | K98: 101453.21 | L98: 89823.543 | M98: 74539.832 | N98: 58865.549 | O98: 63059.645 | P98: 67911.489 | Q98: 69674.238 | R98: 73469.943 | S98: 72748.037 | T98: 69818.701 | U98: 73065.214 | V98: 76639.672 | W98: 74646.422 | X98: 58463.163 | Y98: 49099.004 | Z98: 56376.776 | AA98: 51295.84 | AB98: 40137.083 | AC98: 30008.141 | AD98: 29564.721 | AE98: 26009.317 | AF98: 30649.866 | AG98: 33029.712 | AH98: 29846.544 | AI98: 24733.334 | AJ98: 29282.089 | AK98: 26635.19 | AN98: =(AK98/E98)-1 -> -0.82257722
A99: EU | B99: Slovakia | C99: GHG | D99: without LULUCF | E99: 73367.554 | F99: 64113.275 | G99: 58682.586 | H99: 55098.133 | I99: 52582.406 | J99: 53097.986 | K99: 52952.359 | L99: 52747.073 | M99: 52014.27 | N99: 50761.76 | O99: 48838.637 | P99: 51068.494 | Q99: 49794.419 | R99: 50028.555 | S99: 50647.91 | T99: 50615.548 | U99: 50635.227 | V99: 48831.19 | W99: 49306.76 | X99: 45087.154 | Y99: 45839.555 | Z99: 44754.809 | AA99: 42396.044 | AB99: 42073.425 | AC99: 40053.932 | AD99: 40786.156 | AE99: 41226.187 | AF99: 42354.414 | AG99: 42165.812 | AH99: 39865.326 | AI99: 37131.016 | AJ99: 41162.468 | AK99: 37012.71 | AL99: -20%/30% | AM99: 1990 | AN99: =(AK99/E99)-1 -> -0.49551665 | AO99: -0.2 | AP99: 1990 | AQ99: -0.55 | AR99: 2030 | AS99: =(AK99/E99)-1 -> -0.49551665
D100: with LULUCF | E100: 64475.027 | F100: 54393.698 | G100: 48333.679 | H100: 44960.033 | I100: 43004.482 | J100: 44067.56 | K100: 44013.147 | L100: 44019.769 | M100: 42220.532 | N100: 41808.417 | O100: 39916.103 | P100: 42824.978 | Q100: 41072.598 | R100: 41882.1 | S100: 42493.528 | T100: 46350.775 | U100: 43276.813 | V100: 41919.579 | W100: 43488.522 | X100: 39497.911 | Y100: 41135.191 | Z100: 39688.48 | AA100: 36229.024 | AB100: 35136.315 | AC100: 35298.577 | AD100: 35551.89 | AE100: 35913.485 | AF100: 37150.165 | AG100: 37934.502 | AH100: 34870.855 | AI100: 29952.033 | AJ100: 33951.053 | AK100: 29786.969 | AN100: =(AK100/E100)-1 -> -0.53800765
...

Sheet Annex-GHG emissions CP1
C1: Reference emissions | F1: GHG Emissions without LULUCF reported for the first commitment period of the Kyoto Protocol | AC1: Kyoto Target Compliance
A2: Region | B2: Party | C2: Base year emissions | D2: Assigned emissions for CP1 (2008-2012) | E2: Annual assigned emissions for CP1 | F2: 1990 | G2: 1991 | H2: 1992 | I2: 1993 | J2: 1994 | K2: 1995 | L2: 1996 | M2: 1997 | N2: 1998 | O2: 1999 | P2: 2000 | Q2: 2001 | R2: 2002 | S2: 2003 | T2: 2004 | U2: 2005 | V2: 2006 | W2: 2007 | X2: 2008 | Y2: 2009 | Z2: 2010 | AA2: 2011 | AB2: 2012 | AC2: Kyoto Protocol target | AD2: Average CP1 emissions (2008-2012) | AE2: Change from base year emissions to average CP1 emissions
A3: EU14 | B3: European Union (14) | C3: 3485613.7 | D3: 16209301 | E3: =D3/5 -> 3241860.3 | F3: ='GHG & CO2 EMISSIONS'!E3 -> 4858721.7 | G3: ='GHG & CO2 EMISSIONS'!F3 -> 4753235.6 | H3: ='GHG & CO2 EMISSIONS'!G3 -> 4602044.3 | I3: ='GHG & CO2 EMISSIONS'!H3 -> 4522014.9 | J3: ='GHG & CO2 EMISSIONS'!I3 -> 4500096.8 | K3: ='GHG & CO2 EMISSIONS'!J3 -> 4550599.9 | L3: ='GHG & CO2 EMISSIONS'!K3 -> 4641592.2 | M3: ='GHG & CO2 EMISSIONS'!L3 -> 4570484.2 | ... AB3: ='GHG & CO2 EMISSIONS'!AA3 -> 3985798.5 | AC3: -0.08 | AD3: =AVERAGE(X3:AB3) -> 4139559.6 | AE3: =(AD3/C3)-1 -> 0.18761286
A4: EU14 | B4: Germany | C4: 1232429.5 | D4: 4868096.7 | E4: =D4/5 -> 973619.34 | F4: ='GHG & CO2 EMISSIONS'!E47 -> 1250658.1 | G4: ='GHG & CO2 EMISSIONS'!F47 -> 1204651.7 | H4: ='GHG & CO2 EMISSIONS'!G47 -> 1155057.6 | I4: ='GHG & CO2 EMISSIONS'!H47 -> 1145879.3 | J4: ='GHG & CO2 EMISSIONS'!I47 -> 1127753.9 | K4: ='GHG & CO2 EMISSIONS'!J47 -> 1120598.2 | L4: ='GHG & CO2 EMISSIONS'!K47 -> 1137857.9 | M4: ='GHG & CO2 EMISSIONS'!L47 -> 1102105.2 | ... AB4: ='GHG & CO2 EMISSIONS'!AA47 -> 914497.84 | AC4: -0.21 | AD4: =AVERAGE(X4:AB4) -> 923024.35 | AE4: =(AD4/C4)-1 -> -0.25105305
A5: EU14 | B5: France | C5: 563925.33 | D5: 2819626.6 | E5: =D5/5 -> 563925.33 | F5: ='GHG & CO2 EMISSIONS'!E43 -> 537837.22 | G5: ='GHG & CO2 EMISSIONS'!F43 -> 563578.37 | H5: ='GHG & CO2 EMISSIONS'!G43 -> 553277.05 | I5: ='GHG & CO2 EMISSIONS'!H43 -> 531812.54 | J5: ='GHG & CO2 EMISSIONS'!I43 -> 523549.45 | K5: ='GHG & CO2 EMISSIONS'!J43 -> 529460.52 | L5: ='GHG & CO2 EMISSIONS'!K43 -> 547709.94 | M5: ='GHG & CO2 EMISSIONS'!L43 -> 539953.86 | ... AB5: ='GHG & CO2 EMISSIONS'!AA43 -> 482021.79 | AC5: 0 | AD5: =AVERAGE(X5:AB5) -> 498344.17 | AE5: =(AD5/C5)-1 -> -0.11629404
A6: EU14 | B6: Italy | C6: 516850.89 | D6: 2416277.9 | E6: =D6/5 -> 483255.58 | F6: ='GHG & CO2 EMISSIONS'!E63 -> 521061.92 | G6: ='GHG & CO2 EMISSIONS'!F63 -> 522298.46 | H6: ='GHG & CO2 EMISSIONS'!G63 -> 521486.98 | I6: ='GHG & CO2 EMISSIONS'!H63 -> 514684.28 | J6: ='GHG & CO2 EMISSIONS'!I63 -> 508811.3 | K6: ='GHG & CO2 EMISSIONS'!J63 -> 535289.21 | L6: ='GHG & CO2 EMISSIONS'!K63 -> 530085.05 | M6: ='GHG & CO2 EMISSIONS'!L63 -> 537762.58 | ... AB6: ='GHG & CO2 EMISSIONS'!AA63 -> 488879.05 | AC6: -0.065 | AD6: =AVERAGE(X6:AB6) -> 518860.85 | AE6: =(AD6/C6)-1 -> 0.0038888681
A7: EU14 | B7: Spain | C7: 289773.21 | D7: 1666195.9 | E7: =D7/5 -> 333239.19 | F7: ='GHG & CO2 EMISSIONS'!E107 -> 287167.89 | G7: ='GHG & CO2 EMISSIONS'!F107 -> 295029.74 | H7: ='GHG & CO2 EMISSIONS'!G107 -> 304420.79 | I7: ='GHG & CO2 EMISSIONS'!H107 -> 294324.51 | J7: ='GHG & CO2 EMISSIONS'!I107 -> 310444.38 | K7: ='GHG & CO2 EMISSIONS'!J107 -> 326551.44 | L7: ='GHG & CO2 EMISSIONS'!K107 -> 318102.55 | M7: ='GHG & CO2 EMISSIONS'!L107 -> 332153.29 | ... AB7: ='GHG & CO2 EMISSIONS'!AA107 -> 347174.21 | AC7: 0.15 | AD7: =AVERAGE(X7:AB7) -> 366900.41 | AE7: =(AD7/C7)-1 -> 0.26616405
A8: EU14 | B8: Netherlands | C8: 213034.5 | D8: 1001262.1 | E8: =D8/5 -> 200252.43 | F8: ='GHG & CO2 EMISSIONS'!E83 -> 221843.64 | G8: ='GHG & CO2 EMISSIONS'!F83 -> 229669.32 | H8: ='GHG & CO2 EMISSIONS'!G83 -> 230109.3 | I8: ='GHG & CO2 EMISSIONS'!H83 -> 230444.4 | J8: ='GHG & CO2 EMISSIONS'!I83 -> 231159.08 | K8: ='GHG & CO2 EMISSIONS'!J83 -> 231245.67 | L8: ='GHG & CO2 EMISSIONS'!K83 -> 241569.03 | M8: ='GHG & CO2 EMISSIONS'!L83 -> 233154.37 | ... AB8: ='GHG & CO2 EMISSIONS'!AA83 -> 195479.23 | AC8: -0.06 | AD8: =AVERAGE(X8:AB8) -> 203822.81 | AE8: =(AD8/C8)-1 -> -0.043240338
A9: EU14 | B9: Belgium | C9: 145728.76 | D9: 673995.53 | E9: =D9/5 -> 134799.11 | F9: ='GHG & CO2 EMISSIONS'!E11 -> 145849.07 | G9: ='GHG & CO2 EMISSIONS'!F11 -> 148583.67 | H9: ='GHG & CO2 EMISSIONS'!G11 -> 148081.78 | I9: ='GHG & CO2 EMISSIONS'!H11 -> 146900.46 | J9: ='GHG & CO2 EMISSIONS'!I11 -> 151448.74 | K9: ='GHG & CO2 EMISSIONS'!J11 -> 153582.79 | L9: ='GHG & CO2 EMISSIONS'!K11 -> 157230.45 | M9: ='GHG & CO2 EMISSIONS'!L11 -> 148822.76 | ... AB9: ='GHG & CO2 EMISSIONS'!AA11 -> 120467.91 | AC9: -0.075 | AD9: =AVERAGE(X9:AB9) -> 128542.02 | AE9: =(AD9/C9)-1 -> -0.1179365
A10: EU14 | B10: Greece | C10: 106987.17 | D10: 668669.81 | E10: =D10/5 -> 133733.96 | F10: ='GHG & CO2 EMISSIONS'!E51 -> 103985.69 | G10: ='GHG & CO2 EMISSIONS'!F51 -> 104006.32 | H10: ='GHG & CO2 EMISSIONS'!G51 -> 105287.68 | I10: ='GHG & CO2 EMISSIONS'!H51 -> 104828.03 | J10: ='GHG & CO2 EMISSIONS'!I51 -> 107457.62 | K10: ='GHG & CO2 EMISSIONS'!J51 -> 109581.14 | L10: ='GHG & CO2 EMISSIONS'!K51 -> 112615.89 | M10: ='GHG & CO2 EMISSIONS'!L51 -> 117470.44 | ... AB10: ='GHG & CO2 EMISSIONS'!AA51 -> 113007.78 | AC10: 0.25 | AD10: =AVERAGE(X10:AB10) -> 121268.64 | AE10: =(AD10/C10)-1 -> 0.13348772
A11: EU14 | B11: Portugal | C11: 60147.642 | D11: 381937.53 | E11: =D11/5 -> 76387.505 | F11: ='GHG & CO2 EMISSIONS'!E91 -> 58857.193 | G11: ='GHG & CO2 EMISSIONS'!F91 -> 60797.334 | H11: ='GHG & CO2 EMISSIONS'!G91 -> 64590.689 | I11: ='GHG & CO2 EMISSIONS'!H91 -> 63026.476 | J11: ='GHG & CO2 EMISSIONS'!I91 -> 63940.678 | K11: ='GHG & CO2 EMISSIONS'!J91 -> 68653.009 | L11: ='GHG & CO2 EMISSIONS'!K91 -> 66431.628 | M11: ='GHG & CO2 EMISSIONS'!L91 -> 69673.852 | ... AB11: ='GHG & CO2 EMISSIONS'!AA91 -> 65337.813 | AC11: 0.27 | AD11: =AVERAGE(X11:AB11) -> 70181.645 | AE11: =(AD11/C11)-1 -> 0.16682288
A12: EU14 | B12: Sweden | C12: 72151.646 | D12: 375188.56 | E12: =D12/5 -> 75037.712 | F12: ='GHG & CO2 EMISSIONS'!E111 -> 71263.21 | G12: ='GHG & CO2 EMISSIONS'!F111 -> 71376.298 | H12: ='GHG & CO2 EMISSIONS'!G111 -> 71030.167 | I12: ='GHG & CO2 EMISSIONS'!H111 -> 71244.675 | J12: ='GHG & CO2 EMISSIONS'!I111 -> 73718.191 | K12: ='GHG & CO2 EMISSIONS'!J111 -> 73101.109 | L12: ='GHG & CO2 EMISSIONS'!K111 -> 77005.38 | M12: ='GHG & CO2 EMISSIONS'!L111 -> 72110.876 | ... AB12: ='GHG & CO2 EMISSIONS'!AA111 -> 56899.5 | AC12: 0.04 | AD12: =AVERAGE(X12:AB12) -> 60287.423 | AE12: =(AD12/C12)-1 -> -0.16443455
A13: EU14 | B13: Finland | C13: 71003.509 | D13: 355017.54 | E13: =D13/5 -> 71003.509 | F13: ='GHG & CO2 EMISSIONS'!E39 -> 71165.925 | G13: ='GHG & CO2 EMISSIONS'!F39 -> 69092.868 | H13: ='GHG & CO2 EMISSIONS'!G39 -> 67721.271 | I13: ='GHG & CO2 EMISSIONS'!H39 -> 69936.172 | J13: ='GHG & CO2 EMISSIONS'!I39 -> 75505.773 | K13: ='GHG & CO2 EMISSIONS'!J39 -> 71758.493 | L13: ='GHG & CO2 EMISSIONS'!K39 -> 77763.643 | M13: ='GHG & CO2 EMISSIONS'!L39 -> 76423.372 | ... AB13: ='GHG & CO2 EMISSIONS'!AA39 -> 62114.798 | AC13: 0 | AD13: =AVERAGE(X13:AB13) -> 68781.469 | AE13: =(AD13/C13)-1 -> -0.031294794
A14: EU14 | B14: Austria | C14: 79049.657 | D14: 343866.01 | E14: =D14/5 -> 68773.202 | F14: ='GHG & CO2 EMISSIONS'!E7 -> 79082.673 | G14: ='GHG & CO2 EMISSIONS'!F7 -> 82746.099 | H14: ='GHG & CO2 EMISSIONS'!G7 -> 76176.876 | I14: ='GHG & CO2 EMISSIONS'!H7 -> 76550.864 | J14: ='GHG & CO2 EMISSIONS'!I7 -> 76758.521 | K14: ='GHG & CO2 EMISSIONS'!J7 -> 79985.74 | L14: ='GHG & CO2 EMISSIONS'!K7 -> 83145.349 | M14: ='GHG & CO2 EMISSIONS'!L7 -> 82752.333 | ... AB14: ='GHG & CO2 EMISSIONS'!AA7 -> 79889.009 | AC14: -0.13 | AD14: =AVERAGE(X14:AB14) -> 82870.568 | AE14: =(AD14/C14)-1 -> 0.04833558
A15: EU14 | B15: Ireland | C15: 55607.836 | D15: 314184.27 | E15: =D15/5 -> 62836.854 | F15: ='GHG & CO2 EMISSIONS'!E59 -> 55231.48 | G15: ='GHG & CO2 EMISSIONS'!F59 -> 56154.194 | H15: ='GHG & CO2 EMISSIONS'!G59 -> 56199.408 | I15: ='GHG & CO2 EMISSIONS'!H59 -> 56807.499 | J15: ='GHG & CO2 EMISSIONS'!I59 -> 58216.827 | K15: ='GHG & CO2 EMISSIONS'!J59 -> 59705.977 | L15: ='GHG & CO2 EMISSIONS'!K59 -> 61869.754 | M15: ='GHG & CO2 EMISSIONS'!L59 -> 63306.263 | ... AB15: ='GHG & CO2 EMISSIONS'!AA59 -> 59668.461 | AC15: 0.13 | AD15: =AVERAGE(X15:AB15) -> 62659.854 | AE15: =(AD15/C15)-1 -> 0.12681699
A16: EU14 | B16: Denmark | C16: 69978 | D16: 276838.96 | E16: =D16/5 -> 55367.791 | F16: ='GHG & CO2 EMISSIONS'!E31 -> 70388.1 | G16: ='GHG & CO2 EMISSIONS'!F31 -> 81068.884 | H16: ='GHG & CO2 EMISSIONS'!G31 -> 75197.426 | I16: ='GHG & CO2 EMISSIONS'!H31 -> 77548.913 | J16: ='GHG & CO2 EMISSIONS'!I31 -> 81509.518 | K16: ='GHG & CO2 EMISSIONS'!J31 -> 78647.254 | L16: ='GHG & CO2 EMISSIONS'!K31 -> 91731.139 | M16: ='GHG & CO2 EMISSIONS'!L31 -> 82216.861 | ... AB16: ='GHG & CO2 EMISSIONS'!AA31 -> 54416.175 | AC16: -0.21 | AD16: =AVERAGE(X16:AB16) -> 61617.941 | AE16: =(AD16/C16)-1 -> -0.11946696
A17: EU14 | B17: Luxembourg | C17: 13167.499 | D17: 47402.996 | E17: =D17/5 -> 9480.5992 | F17: ='GHG & CO2 EMISSIONS'!E75 -> 12726.714 | G17: ='GHG & CO2 EMISSIONS'!F75 -> 13349.373 | H17: ='GHG & CO2 EMISSIONS'!G75 -> 13114.48 | I17: ='GHG & CO2 EMISSIONS'!H75 -> 13278.362 | J17: ='GHG & CO2 EMISSIONS'!I75 -> 12433.463 | K17: ='GHG & CO2 EMISSIONS'!J75 -> 10062.474 | L17: ='GHG & CO2 EMISSIONS'!K75 -> 10123.897 | M17: ='GHG & CO2 EMISSIONS'!L75 -> 9483.2283 | ... AB17: ='GHG & CO2 EMISSIONS'!AA75 -> 11803.372 | AC17: -0.28 | AD17: =AVERAGE(X17:AB17) -> 11943.114 | AE17: =(AD17/C17)-1 -> -0.092985354
A18: EU27 | B18: Cyprus | C18: N/A | D18: N/A | E18: N/A | F18: ='GHG & CO2 EMISSIONS'!E23 -> 5570.3489 | G18: ='GHG & CO2 EMISSIONS'!F23 -> 6074.8994 | H18: ='GHG & CO2 EMISSIONS'!G23 -> 6511.3843 | I18: ='GHG & CO2 EMISSIONS'!H23 -> 6798.5807 | J18: ='GHG & CO2 EMISSIONS'!I23 -> 7055.1086 | K18: ='GHG & CO2 EMISSIONS'!J23 -> 6970.5207 | L18: ='GHG & CO2 EMISSIONS'!K23 -> 7343.524 | M18: ='GHG & CO2 EMISSIONS'!L23 -> 7437.6235 | ... AB18: ='GHG & CO2 EMISSIONS'!AA23 -> 8628.5145 | AC18: N/A | AD18: =AVERAGE(X18:AB18) -> 9415.7029 | AE18: N/A
A19: EU27 | B19: Malta | C19: N/A | D19: N/A | E19: N/A | F19: ='GHG & CO2 EMISSIONS'!E79 -> 2626.1392 | G19: ='GHG & CO2 EMISSIONS'!F79 -> 2479.8521 | H19: ='GHG & CO2 EMISSIONS'!G79 -> 2512.8272 | I19: ='GHG & CO2 EMISSIONS'!H79 -> 3115.5736 | J19: ='GHG & CO2 EMISSIONS'!I79 -> 2893.6714 | K19: ='GHG & CO2 EMISSIONS'!J79 -> 2690.9395 | L19: ='GHG & CO2 EMISSIONS'!K79 -> 2781.5348 | M19: ='GHG & CO2 EMISSIONS'!L79 -> 2813.1701 | ... AB19: ='GHG & CO2 EMISSIONS'!AA79 -> 3142.7237 | AC19: N/A | AD19: =AVERAGE(X19:AB19) -> 3005.6471 | AE19: N/A
A20: EIT/EU27 | B20: Poland | C20: 563442.77 | D20: 2648181 | E20: =D20/5 -> 529636.21 | F20: ='GHG & CO2 EMISSIONS'!E87 -> 475466.59 | G20: ='GHG & CO2 EMISSIONS'!F87 -> 463378.49 | H20: ='GHG & CO2 EMISSIONS'!G87 -> 450631.5 | I20: ='GHG & CO2 EMISSIONS'!H87 -> 450220.13 | J20: ='GHG & CO2 EMISSIONS'!I87 -> 444563.48 | K20: ='GHG & CO2 EMISSIONS'!J87 -> 446357.37 | L20: ='GHG & CO2 EMISSIONS'!K87 -> 460100.68 | M20: ='GHG & CO2 EMISSIONS'!L87 -> 449935.6 | ... AB20: ='GHG & CO2 EMISSIONS'!AA87 -> 397501.77 | AC20: -0.06 | AD20: =AVERAGE(X20:AB20) -> 401356.26 | AE20: =(AD20/C20)-1 -> -0.28767165
A21: EIT/EU27 | B21: Romania | C21: 278225.02 | D21: 1279835.1 | E21: =D21/5 -> 255967.02 | F21: ='GHG & CO2 EMISSIONS'!E95 -> 256659.65 | G21: ='GHG & CO2 EMISSIONS'!F95 -> 210173.14 | H21: ='GHG & CO2 EMISSIONS'!G95 -> 194637.08 | I21: ='GHG & CO2 EMISSIONS'!H95 -> 184045.93 | J21: ='GHG & CO2 EMISSIONS'!I95 -> 181511.12 | K21: ='GHG & CO2 EMISSIONS'!J95 -> 188442.64 | L21: ='GHG & CO2 EMISSIONS'!K95 -> 191446.9 | M21: ='GHG & CO2 EMISSIONS'!L95 -> 184875.62 | ... AB21: ='GHG & CO2 EMISSIONS'!AA95 -> 129285.05 | AC21: -0.08 | AD21: =AVERAGE(X21:AB21) -> 133680.36 | AE21: =(AD21/C21)-1 -> -0.51952431
A22: EIT/EU27 | B22: Czech Republic | C22: 194248.22 | D22: 893541.8 | E22: =D22/5 -> 178708.36 | F22: ='GHG & CO2 EMISSIONS'!E27 -> 199386.71 | G22: ='GHG & CO2 EMISSIONS'!F27 -> 180862.33 | H22: ='GHG & CO2 EMISSIONS'!G27 -> 174988.44 | I22: ='GHG & CO2 EMISSIONS'!H27 -> 168156.55 | J22: ='GHG & CO2 EMISSIONS'!I27 -> 159400.88 | K22: ='GHG & CO2 EMISSIONS'!J27 -> 158415.84 | L22: ='GHG & CO2 EMISSIONS'!K27 -> 161630.92 | M22: ='GHG & CO2 EMISSIONS'!L27 -> 157199.21 | ... AB22: ='GHG & CO2 EMISSIONS'!AA27 -> 135193.43 | AC22: -0.08 | AD22: =AVERAGE(X22:AB22) -> 139948.46 | AE22: =(AD22/C22)-1 -> -0.27953798
A23: EIT/EU27 | B23: Bulgaria | C23: 132618.66 | D23: 610045.83 | E23: =D23/5 -> 122009.17 | F23: ='GHG & CO2 EMISSIONS'!E15 -> 98800.788 | G23: ='GHG & CO2 EMISSIONS'!F15 -> 80943.322 | H23: ='GHG & CO2 EMISSIONS'!G15 -> 75410.631 | I23: ='GHG & CO2 EMISSIONS'!H15 -> 74721.423 | J23: ='GHG & CO2 EMISSIONS'!I15 -> 70653.014 | K23: ='GHG & CO2 EMISSIONS'!J15 -> 72207.971 | L23: ='GHG & CO2 EMISSIONS'!K15 -> 72647.461 | M23: ='GHG & CO2 EMISSIONS'!L15 -> 69433.501 | ... AB23: ='GHG & CO2 EMISSIONS'!AA15 -> 59673.445 | AC23: -0.08 | AD23: =AVERAGE(X23:AB23) -> 61222.924 | AE23: =(AD23/C23)-1 -> -0.53835362
A24: EIT/EU27 | B24: Hungary | C24: 115397.15 | D24: 542366.6 | E24: =D24/5 -> 108473.32 | F24: ='GHG & CO2 EMISSIONS'!E55 -> 95061.823 | G24: ='GHG & CO2 EMISSIONS'!F55 -> 88848.046 | H24: ='GHG & CO2 EMISSIONS'!G55 -> 78861.161 | I24: ='GHG & CO2 EMISSIONS'!H55 -> 79352.053 | J24: ='GHG & CO2 EMISSIONS'!I55 -> 78871.162 | K24: ='GHG & CO2 EMISSIONS'!J55 -> 77669.517 | L24: ='GHG & CO2 EMISSIONS'!K55 -> 79916.274 | M24: ='GHG & CO2 EMISSIONS'!L55 -> 78499.438 | ... AB24: ='GHG & CO2 EMISSIONS'!AA55 -> 61510.854 | AC24: -0.06 | AD24: =AVERAGE(X24:AB24) -> 66142.923 | AE24: =(AD24/C24)-1 -> -0.42682359
A25: EIT/EU27 | B25: Slovakia | C25: 72050.764 | D25: 331433.52 | E25: =D25/5 -> 66286.703 | F25: ='GHG & CO2 EMISSIONS'!E99 -> 73367.554 | G25: ='GHG & CO2 EMISSIONS'!F99 -> 64113.275 | H25: ='GHG & CO2 EMISSIONS'!G99 -> 58682.586 | I25: ='GHG & CO2 EMISSIONS'!H99 -> 55098.133 | J25: ='GHG & CO2 EMISSIONS'!I99 -> 52582.406 | K25: ='GHG & CO2 EMISSIONS'!J99 -> 53097.986 | L25: ='GHG & CO2 EMISSIONS'!K99 -> 52952.359 | M25: ='GHG & CO2 EMISSIONS'!L99 -> 52747.073 | ... AB25: ='GHG & CO2 EMISSIONS'!AA99 -> 42396.044 | AC25: -0.08 | AD25: =AVERAGE(X25:AB25) -> 45476.864 | AE25: =(AD25/C25)-1 -> -0.3688219
A26: EIT/EU27 | B26: Lithuania | C26: 49414.386 | D26: 227306.18 | E26: =D26/5 -> 45461.235 | F26: ='GHG & CO2 EMISSIONS'!E71 -> 48020.05 | G26: ='GHG & CO2 EMISSIONS'!F71 -> 49979.147 | H26: ='GHG & CO2 EMISSIONS'!G71 -> 30947.151 | I26: ='GHG & CO2 EMISSIONS'!H71 -> 24825.129 | J26: ='GHG & CO2 EMISSIONS'!I71 -> 23435.231 | K26: ='GHG & CO2 EMISSIONS'!J71 -> 22401.485 | L26: ='GHG & CO2 EMISSIONS'!K71 -> 23371.656 | M26: ='GHG & CO2 EMISSIONS'!L71 -> 22918.838 | ... AB26: ='GHG & CO2 EMISSIONS'!AA71 -> 20971.422 | AC26: -0.08 | AD26: =AVERAGE(X26:AB26) -> 21207.182 | AE26: =(AD26/C26)-1 -> -0.57082979
A27: EIT/EU27 | B27: Estonia | C27: 42622.312 | D27: 196062.64 | E27: =D27/5 -> 39212.527 | F27: ='GHG & CO2 EMISSIONS'!E35 -> 40273.576 | G27: ='GHG & CO2 EMISSIONS'!F35 -> 37398.494 | H27: ='GHG & CO2 EMISSIONS'!G35 -> 27212.186 | I27: ='GHG & CO2 EMISSIONS'!H35 -> 21747.878 | J27: ='GHG & CO2 EMISSIONS'!I35 -> 22220.199 | K27: ='GHG & CO2 EMISSIONS'!J35 -> 20057.12 | L27: ='GHG & CO2 EMISSIONS'!K35 -> 20998.018 | M27: ='GHG & CO2 EMISSIONS'!L35 -> 20708.904 | ... AB27: ='GHG & CO2 EMISSIONS'!AA35 -> 19941.947 | AC27: -0.08 | AD27: =AVERAGE(X27:AB27) -> 19703.391 | AE27: =(AD27/C27)-1 -> -0.53772122
A28: EIT/EU27 | B28: Latvia | C28: 25909.159 | D28: 119182.13 | E28: =D28/5 -> 23836.426 | F28: ='GHG & CO2 EMISSIONS'!E67 -> 26020.479 | G28: ='GHG & CO2 EMISSIONS'!F67 -> 24130.488 | H28: ='GHG & CO2 EMISSIONS'!G67 -> 19359.739 | I28: ='GHG & CO2 EMISSIONS'!H67 -> 15903.167 | J28: ='GHG & CO2 EMISSIONS'!I67 -> 13956.169 | K28: ='GHG & CO2 EMISSIONS'!J67 -> 12587.644 | L28: ='GHG & CO2 EMISSIONS'!K67 -> 12637.113 | M28: ='GHG & CO2 EMISSIONS'!L67 -> 12078.166 | ... AB28: ='GHG & CO2 EMISSIONS'!AA67 -> 10894.224 | AC28: -0.08 | AD28: =AVERAGE(X28:AB28) -> 11221.571 | AE28: =(AD28/C28)-1 -> -0.56688787
A29: EIT/EU27 | B29: Slovenia | C29: 20354.042 | D29: 93628.593 | E29: =D29/5 -> 18725.719 | F29: ='GHG & CO2 EMISSIONS'!E103 -> 18802.399 | G29: ='GHG & CO2 EMISSIONS'!F103 -> 17446.782 | H29: ='GHG & CO2 EMISSIONS'!G103 -> 17434.778 | I29: ='GHG & CO2 EMISSIONS'!H103 -> 17675.709 | J29: ='GHG & CO2 EMISSIONS'!I103 -> 18080.754 | K29: ='GHG & CO2 EMISSIONS'!J103 -> 18857.184 | L29: ='GHG & CO2 EMISSIONS'!K103 -> 19445.63 | M29: ='GHG & CO2 EMISSIONS'!L103 -> 19986.371 | ... AB29: ='GHG & CO2 EMISSIONS'!AA103 -> 19038.515 | AC29: -0.08 | AD29: =AVERAGE(X29:AB29) -> 19927.596 | AE29: =(AD29/C29)-1 -> -0.020951413
A30: EIT | B30: Russia | C30: 3323419.1 | D30: 16617095 | E30: =D30/5 -> 3323419.1 | F30: ='GHG & CO2 EMISSIONS'!E167 -> 3142797.5 | G30: ='GHG & CO2 EMISSIONS'!F167 -> 2987852.8 | H30: ='GHG & CO2 EMISSIONS'!G167 -> 2512071.5 | I30: ='GHG & CO2 EMISSIONS'!H167 -> 2378462.7 | J30: ='GHG & CO2 EMISSIONS'!I167 -> 2117939.4 | K30: ='GHG & CO2 EMISSIONS'!J167 -> 2065422.6 | L30: ='GHG & CO2 EMISSIONS'!K167 -> 2014841.2 | M30: ='GHG & CO2 EMISSIONS'!L167 -> 1895331.9 | ... AB30: ='GHG & CO2 EMISSIONS'!AA167 -> 2071103.3 | AC30: 0 | AD30: =AVERAGE(X30:AB30) -> 2011594.6 | AE30: =(AD30/C30)-1 -> -0.39472134
A31: EIT | B31: Ukraine | C31: 920836.93 | D31: 4604184.7 | E31: =D31/5 -> 920836.93 | F31: ='GHG & CO2 EMISSIONS'!E151 -> 962527.75 | G31: ='GHG & CO2 EMISSIONS'!F151 -> 875728.92 | H31: ='GHG & CO2 EMISSIONS'!G151 -> 819946.97 | I31: ='GHG & CO2 EMISSIONS'!H151 -> 728907.09 | J31: ='GHG & CO2 EMISSIONS'!I151 -> 622241.88 | K31: ='GHG & CO2 EMISSIONS'!J151 -> 578197.7 | L31: ='GHG & CO2 EMISSIONS'!K151 -> 531404.53 | M31: ='GHG & CO2 EMISSIONS'!L151 -> 513839.97 | ... AB31: ='GHG & CO2 EMISSIONS'!AA151 -> 425553.61 | AC31: 0 | AD31: =AVERAGE(X31:AB31) -> 427847.01 | AE31: =(AD31/C31)-1 -> -0.53537158
A32: EIT | B32: Croatia | C32: 31321.79 | D32: 148778.5 | E32: =D32/5 -> 29755.701 | F32: ='GHG & CO2 EMISSIONS'!E19 -> 31546.32 | G32: ='GHG & CO2 EMISSIONS'!F19 -> 25021.258 | H32: ='GHG & CO2 EMISSIONS'!G19 -> 23134.505 | I32: ='GHG & CO2 EMISSIONS'!H19 -> 23122.502 | J32: ='GHG & CO2 EMISSIONS'!I19 -> 22206.748 | K32: ='GHG & CO2 EMISSIONS'!J19 -> 22875.232 | L32: ='GHG & CO2 EMISSIONS'!K19 -> 23366.34 | M32: ='GHG & CO2 EMISSIONS'!L19 -> 24748.203 | ... AB32: ='GHG & CO2 EMISSIONS'!AA19 -> 26265.917 | AC32: -0.05 | AD32: =AVERAGE(X32:AB32) -> 28412.663 | AE32: =(AD32/C32)-1 -> -0.092878693
A33: Other | B33: Japan | C33: 1261331.4 | D33: 5928257.7 | E33: =D33/5 -> 1185651.5 | F33: ='GHG & CO2 EMISSIONS'!E159 -> 1269430.6 | G33: ='GHG & CO2 EMISSIONS'!F159 -> 1283622.9 | H33: ='GHG & CO2 EMISSIONS'!G159 -> 1295413 | I33: ='GHG & CO2 EMISSIONS'!H159 -> 1290874 | J33: ='GHG & CO2 EMISSIONS'!I159 -> 1351092 | K33: ='GHG & CO2 EMISSIONS'!J159 -> 1371412.5 | L33: ='GHG & CO2 EMISSIONS'!K159 -> 1384052.4 | M33: ='GHG & CO2 EMISSIONS'!L159 -> 1375902.7 | ... AB33: ='GHG & CO2 EMISSIONS'!AA159 -> 1393327.2 | AC33: -0.06 | AD33: =AVERAGE(X33:AB33) -> 1322013.7 | AE33: =(AD33/C33)-1 -> 0.048109681
A34: Other | B34: United Kingdom | C34: 779904.14 | D34: 3412080.6 | E34: =D34/5 -> 682416.13 | F34: ='GHG & CO2 EMISSIONS'!E155 -> 805610.85 | G34: ='GHG & CO2 EMISSIONS'!F155 -> 814428.74 | H34: ='GHG & CO2 EMISSIONS'!G155 -> 794096.75 | I34: ='GHG & CO2 EMISSIONS'!H155 -> 775060.91 | J34: ='GHG & CO2 EMISSIONS'!I155 -> 762886.95 | K34: ='GHG & CO2 EMISSIONS'!J155 -> 756780.05 | L34: ='GHG & CO2 EMISSIONS'!K155 -> 777414.37 | M34: ='GHG & CO2 EMISSIONS'!L155 -> 753198.85 | ... AB34: ='GHG & CO2 EMISSIONS'!AA155 -> 585241.18 | AC34: -0.125 | AD34: =AVERAGE(X34:AB34) -> 605494.33 | AE34: =(AD34/C34)-1 -> -0.22362981
A35: Other | B35: Canada | C35: 593998.46 | D35: 2791792.8 | E35: =D35/5 -> 558358.55 | F35: ='GHG & CO2 EMISSIONS'!E171 -> 607748.76 | G35: ='GHG & CO2 EMISSIONS'!F171 -> 603138.23 | H35: ='GHG & CO2 EMISSIONS'!G171 -> 621534.93 | I35: ='GHG & CO2 EMISSIONS'!H171 -> 626611.05 | J35: ='GHG & CO2 EMISSIONS'!I171 -> 649033.64 | K35: ='GHG & CO2 EMISSIONS'!J171 -> 667914.71 | L35: ='GHG & CO2 EMISSIONS'!K171 -> 689261.89 | M35: ='GHG & CO2 EMISSIONS'!L171 -> 705539.09 | ... AB35: ='GHG & CO2 EMISSIONS'!AA171 -> 743856.56 | AC35: -0.06 | AD35: =AVERAGE(X35:AB35) -> 737278.41 | AE35: =(AD35/C35)-1 -> 0.24121266
A36: Other | B36: Australia | C36: 547699.84 | D36: 2957579.1 | E36: =D36/5 -> 591515.83 | F36: ='GHG & CO2 EMISSIONS'!E115 -> 437120 | G36: ='GHG & CO2 EMISSIONS'!F115 -> 437222 | H36: ='GHG & CO2 EMISSIONS'!G115 -> 441027 | I36: ='GHG & CO2 EMISSIONS'!H115 -> 441346 | J36: ='GHG & CO2 EMISSIONS'!I115 -> 441583 | K36: ='GHG & CO2 EMISSIONS'!J115 -> 450276 | L36: ='GHG & CO2 EMISSIONS'!K115 -> 456436 | M36: ='GHG & CO2 EMISSIONS'!L115 -> 468506 | ... AB36: ='GHG & CO2 EMISSIONS'!AA115 -> 550596 | AC36: 0.08 | AD36: =AVERAGE(X36:AB36) -> 548695.2 | AE36: =(AD36/C36)-1 -> 0.0018173434
A37: Other | B37: New Zealand | C37: 61912.947 | D37: 309564.73 | E37: =D37/5 -> 61912.947 | F37: ='GHG & CO2 EMISSIONS'!E163 -> 68958.182 | G37: ='GHG & CO2 EMISSIONS'!F163 -> 69918.613 | H37: ='GHG & CO2 EMISSIONS'!G163 -> 71163.043 | I37: ='GHG & CO2 EMISSIONS'!H163 -> 71017.985 | J37: ='GHG & CO2 EMISSIONS'!I163 -> 72398.449 | K37: ='GHG & CO2 EMISSIONS'!J163 -> 72988.347 | L37: ='GHG & CO2 EMISSIONS'!K163 -> 75526.573 | M37: ='GHG & CO2 EMISSIONS'!L163 -> 78163.571 | ... AB37: ='GHG & CO2 EMISSIONS'!AA163 -> 84065.667 | AC37: 0 | AD37: =AVERAGE(X37:AB37) -> 82713.851 | AE37: =(AD37/C37)-1 -> 0.33597019
A38: Other | B38: Switzerland | C38: 52790.957 | D38: 242838.4 | E38: =D38/5 -> 48567.68 | F38: ='GHG & CO2 EMISSIONS'!E143 -> 54665.543 | G38: ='GHG & CO2 EMISSIONS'!F143 -> 56538.209 | H38: ='GHG & CO2 EMISSIONS'!G143 -> 56272.972 | I38: ='GHG & CO2 EMISSIONS'!H143 -> 53679.345 | J38: ='GHG & CO2 EMISSIONS'!I143 -> 52622.104 | K38: ='GHG & CO2 EMISSIONS'!J143 -> 53511.064 | L38: ='GHG & CO2 EMISSIONS'!K143 -> 54173.138 | M38: ='GHG & CO2 EMISSIONS'!L143 -> 52971.46 | ... AB38: ='GHG & CO2 EMISSIONS'!AA143 -> 52375.113 | AC38: -0.08 | AD38: =AVERAGE(X38:AB38) -> 53441.781 | AE38: =(AD38/C38)-1 -> 0.012328318
A39: Other | B39: Norway | C39: 49619.168 | D39: 250576.8 | E39: =D39/5 -> 50115.359 | F39: ='GHG & CO2 EMISSIONS'!E139 -> 50796.769 | G39: ='GHG & CO2 EMISSIONS'!F139 -> 48400.868 | H39: ='GHG & CO2 EMISSIONS'!G139 -> 46770.379 | I39: ='GHG & CO2 EMISSIONS'!H139 -> 48639.02 | J39: ='GHG & CO2 EMISSIONS'!I139 -> 50545.045 | K39: ='GHG & CO2 EMISSIONS'!J139 -> 50904.268 | L39: ='GHG & CO2 EMISSIONS'!K139 -> 53786.903 | M39: ='GHG & CO2 EMISSIONS'!L139 -> 53750.972 | ... AB39: ='GHG & CO2 EMISSIONS'!AA139 -> 53020.557 | AC39: 0.01 | AD39: =AVERAGE(X39:AB39) -> 53619.97 | AE39: =(AD39/C39)-1 -> 0.08063017
A40: Other | B40: Iceland | C40: 3367.9722 | D40: 18523.847 | E40: =D40/5 -> 3704.7694 | F40: ='GHG & CO2 EMISSIONS'!E123 -> 3644.8859 | G40: ='GHG & CO2 EMISSIONS'!F123 -> 3433.5371 | H40: ='GHG & CO2 EMISSIONS'!G123 -> 3363.3465 | I40: ='GHG & CO2 EMISSIONS'!H123 -> 3446.5113 | J40: ='GHG & CO2 EMISSIONS'!I123 -> 3376.3893 | K40: ='GHG & CO2 EMISSIONS'!J123 -> 3503.9526 | L40: ='GHG & CO2 EMISSIONS'!K123 -> 3558.703 | M40: ='GHG & CO2 EMISSIONS'!L123 -> 3715.6564 | ... AB40: ='GHG & CO2 EMISSIONS'!AA123 -> 4648.787 | AC40: 0.1 | AD40: =AVERAGE(X40:AB40) -> 4881.0756 | AE40: =(AD40/C40)-1 -> 0.44926244
A41: Other | B41: Liechtenstein | C41: 229.48326 | D41: 1055.623 | E41: =D41/5 -> 211.1246 | F41: ='GHG & CO2 EMISSIONS'!E131 -> 229.01311 | G41: ='GHG & CO2 EMISSIONS'!F131 -> 236.54326 | H41: ='GHG & CO2 EMISSIONS'!G131 -> 236.68938 | I41: ='GHG & CO2 EMISSIONS'!H131 -> 243.72603 | J41: ='GHG & CO2 EMISSIONS'!I131 -> 230.05527 | K41: ='GHG & CO2 EMISSIONS'!J131 -> 233.78978 | L41: ='GHG & CO2 EMISSIONS'!K131 -> 236.11183 | M41: ='GHG & CO2 EMISSIONS'!L131 -> 248.61113 | ... AB41: ='GHG & CO2 EMISSIONS'!AA131 -> 224.65398 | AC41: -0.08 | AD41: =AVERAGE(X41:AB41) -> 233.94283 | AE41: =(AD41/C41)-1 -> 0.019433093
A42: Other | B42: Monaco | C42: 107.65674 | D42: 495.221 | E42: =D42/5 -> 99.0442 | F42: ='GHG & CO2 EMISSIONS'!E135 -> 101.51215 | G42: ='GHG & CO2 EMISSIONS'!F135 -> 102.41396 | H42: ='GHG & CO2 EMISSIONS'!G135 -> 107.98423 | I42: ='GHG & CO2 EMISSIONS'!H135 -> 106.92218 | J42: ='GHG & CO2 EMISSIONS'!I135 -> 107.53616 | K42: ='GHG & CO2 EMISSIONS'!J135 -> 104.18725 | L42: ='GHG & CO2 EMISSIONS'!K135 -> 107.86782 | M42: ='GHG & CO2 EMISSIONS'!L135 -> 106.25857 | ... AB42: ='GHG & CO2 EMISSIONS'!AA135 -> 87.806925 | AC42: -0.08 | AD42: =AVERAGE(X42:AB42) -> 87.565738 | AE42: =(AD42/C42)-1 -> -0.18662093
A43: Non-Annex B | B43: Belarus | C43: 127363.85 | D43: 585873.71 | E43: =D43/5 -> 117174.74 | F43: ='GHG & CO2 EMISSIONS'!E119 -> 146017.4 | G43: ='GHG & CO2 EMISSIONS'!F119 -> 140280.31 | H43: ='GHG & CO2 EMISSIONS'!G119 -> 126622.57 | I43: ='GHG & CO2 EMISSIONS'!H119 -> 112913.07 | J43: ='GHG & CO2 EMISSIONS'!I119 -> 97041.08 | K43: ='GHG & CO2 EMISSIONS'!J119 -> 88585.63 | L43: ='GHG & CO2 EMISSIONS'!K119 -> 89273.855 | M43: ='GHG & CO2 EMISSIONS'!L119 -> 89488.083 | ... AB43: ='GHG & CO2 EMISSIONS'!AA119 -> 92781.425 | AC43: -0.08 | AD43: =AVERAGE(X43:AB43) -> 91778.096 | AE43: =(AD43/C43)-1 -> -0.27940231
A44: Non-Annex B | B44: Kazakhstan | C44: N/A | D44: N/A | E44: N/A | F44: ='GHG & CO2 EMISSIONS'!E127 -> 390526.06 | G44: ='GHG & CO2 EMISSIONS'!F127 -> 372803.86 | H44: ='GHG & CO2 EMISSIONS'!G127 -> 343803.85 | I44: ='GHG & CO2 EMISSIONS'!H127 -> 308738.64 | J44: ='GHG & CO2 EMISSIONS'!I127 -> 261032.16 | K44: ='GHG & CO2 EMISSIONS'!J127 -> 244480.3 | L44: ='GHG & CO2 EMISSIONS'!K127 -> 228515.09 | M44: ='GHG & CO2 EMISSIONS'!L127 -> 221863.4 | ... AB44: ='GHG & CO2 EMISSIONS'!AA127 -> 308830.7 | AC44: N/A | AD44: =AVERAGE(X44:AB44) -> 303254.62 | AE44: N/A
A45: Non-Annex B | B45: Turkey | C45: N/A | D45: N/A | E45: N/A | F45: ='GHG & CO2 EMISSIONS'!E147 -> 228001.91 | G45: ='GHG & CO2 EMISSIONS'!F147 -> 235398.92 | H45: ='GHG & CO2 EMISSIONS'!G147 -> 241811.61 | I45: ='GHG & CO2 EMISSIONS'!H147 -> 249142.27 | J45: ='GHG & CO2 EMISSIONS'!I147 -> 242768.83 | K45: ='GHG & CO2 EMISSIONS'!J147 -> 256494.34 | L45: ='GHG & CO2 EMISSIONS'!K147 -> 275852.25 | M45: ='GHG & CO2 EMISSIONS'!L147 -> 286738.16 | ... AB45: ='GHG & CO2 EMISSIONS'!AA147 -> 455164.66 | AC45: N/A | AD45: =AVERAGE(X45:AB45) -> 418288.99 | AE45: N/A
A46: Non-Annex B | B46: United States of America | C46: N/A | D46: N/A | E46: N/A | F46: ='GHG & CO2 EMISSIONS'!E175 -> 6536914.7 | G46: ='GHG & CO2 EMISSIONS'!F175 -> 6472689.4 | H46: ='GHG & CO2 EMISSIONS'!G175 -> 6576351.7 | I46: ='GHG & CO2 EMISSIONS'!H175 -> 6686455.5 | J46: ='GHG & CO2 EMISSIONS'!I175 -> 6782638.8 | K46: ='GHG & CO2 EMISSIONS'!J175 -> 6862137.3 | L46: ='GHG & CO2 EMISSIONS'!K175 -> 7056258.4 | M46: ='GHG & CO2 EMISSIONS'!L175 -> 7108980 | ... AB46: ='GHG & CO2 EMISSIONS'!AA175 -> 6660905.1 | AC46: -0.07 | AD46: =AVERAGE(X46:AB46) -> 6966390.5 | AE46: N/A
A47: Total | C47: =SUM(C4:C46) -> 12738021 | D47: =SUM(D4:D46) -> 61018841 | E47: =SUM(E4:E46) -> 12203768 | F47: =SUM(F4:F46) -> 19563813 | G47: =SUM(G4:G46) -> 19155048 | H47: =SUM(H4:H46) -> 18552670 | I47: =SUM(I4:I46) -> 18297694 | J47: =SUM(J4:J46) -> 18007675 | ... AB47: =SUM(AB4:AB46) -> 17467883 | AC47: N/A | AD47: N/A | AE47: N/A

Sheet Working sheet
A1: Working Sheet
A2: INSTRUCTIONS
A3: *** This sheet is to remain hidden. It copies the values from the main sheet in order to sort them out from smallest to highest values.
A4: *** This sorting out facilitates data visualisation in the Analytics sheet.
A5: *** When updating the database, use the template at the bottom to add all the data in the original order, before sorting them out again.
A6: *** For annual emissions, sort out values based on the latest reported year (or the prior year if one country has a year marked N/A)
A9: Change from base to latest reported year
A10: Ukraine | B10: ='GHG & CO2 EMISSIONS'!AN151 -> -0.66341626
A11: United Kingdom | B11: ='GHG & CO2 EMISSIONS'!AN155 -> -0.49162603
A12: Belarus | B12: ='GHG & CO2 EMISSIONS'!AN119 -> -0.39488485
A13: Russia | B13: ='GHG & CO2 EMISSIONS'!AN167 -> -0.35025186
A14: Switzerland | B14: ='GHG & CO2 EMISSIONS'!AN143 -> -0.24017704
A15: European Union (excl. UK) | B15: ='GHG & CO2 EMISSIONS'!AN3 -> -0.30732469
A16: Monaco | B16: ='GHG & CO2 EMISSIONS'!AN135 -> -0.34457578
A17: Liechtenstein | B17: ='GHG & CO2 EMISSIONS'!AN131 -> -0.27724473
A18: United States of America | B18: ='GHG & CO2 EMISSIONS'!AN175 -> -0.15363356
A19: Japan | B19: ='GHG & CO2 EMISSIONS'!AN159 -> -0.17734996
A20: Norway | B20: ='GHG & CO2 EMISSIONS'!AN139 -> -0.040196116
A21: Canada | B21: ='GHG & CO2 EMISSIONS'!AN171 -> -0.070552413
A22: Kazakhstan | B22: ='GHG & CO2 EMISSIONS'!AN127 -> 0.014659477
A23: Australia | B23: ='GHG & CO2 EMISSIONS'!AN115 -> 0.041046812
A24: New Zealand | B24: ='GHG & CO2 EMISSIONS'!AN163 -> 0.13685369
A25: Iceland | B25: ='GHG & CO2 EMISSIONS'!AN123 -> 0.28015005
A26: Turkey | B26: ='GHG & CO2 EMISSIONS'!AN147 -> 1.4485342
A29: GHG emissions without LULUCF (1,000 tCO2)
B30: 1990 | C30: 1991 | D30: 1992 | E30: 1993 | F30: 1994 | G30: 1995 | H30: 1996 | I30: 1997 | J30: 1998 | K30: 1999 | L30: 2000 | M30: 2001 | N30: 2002 | O30: 2003 | P30: 2004 | Q30: 2005 | R30: 2006 | S30: 2007 | T30: 2008 | U30: 2009 | V30: 2010 | W30: 2011 | X30: 2012 | Y30: 2013 | Z30: 2014 | AA30: 2015 | AB30: 2016 | AC30: 2017 | AD30: 2018 | AE30: 2019 | AF30: 2020 | AG30: 2021 | AH30: 2022
A31: Monaco | B31: ='GHG & CO2 EMISSIONS'!E135 -> 101.51215 | C31: ='GHG & CO2 EMISSIONS'!F135 -> 102.41396 | D31: ='GHG & CO2 EMISSIONS'!G135 -> 107.98423 | E31: ='GHG & CO2 EMISSIONS'!H135 -> 106.92218 | F31: ='GHG & CO2 EMISSIONS'!I135 -> 107.53616 | G31: ='GHG & CO2 EMISSIONS'!J135 -> 104.18725 | H31: ='GHG & CO2 EMISSIONS'!K135 -> 107.86782 | I31: ='GHG & CO2 EMISSIONS'!L135 -> 106.25857 | ... AH31: ='GHG & CO2 EMISSIONS'!AK135 -> 66.533519
A32: Liechtenstein | B32: ='GHG & CO2 EMISSIONS'!E131 -> 229.01311 | C32: ='GHG & CO2 EMISSIONS'!F131 -> 236.54326 | D32: ='GHG & CO2 EMISSIONS'!G131 -> 236.68938 | E32: ='GHG & CO2 EMISSIONS'!H131 -> 243.72603 | F32: ='GHG & CO2 EMISSIONS'!I131 -> 230.05527 | G32: ='GHG & CO2 EMISSIONS'!J131 -> 233.78978 | H32: ='GHG & CO2 EMISSIONS'!K131 -> 236.11183 | I32: ='GHG & CO2 EMISSIONS'!L131 -> 248.61113 | ... AH32: ='GHG & CO2 EMISSIONS'!AK131 -> 165.52043
A33: Iceland | B33: ='GHG & CO2 EMISSIONS'!E123 -> 3644.8859 | C33: ='GHG & CO2 EMISSIONS'!F123 -> 3433.5371 | D33: ='GHG & CO2 EMISSIONS'!G123 -> 3363.3465 | E33: ='GHG & CO2 EMISSIONS'!H123 -> 3446.5113 | F33: ='GHG & CO2 EMISSIONS'!I123 -> 3376.3893 | G33: ='GHG & CO2 EMISSIONS'!J123 -> 3503.9526 | H33: ='GHG & CO2 EMISSIONS'!K123 -> 3558.703 | I33: ='GHG & CO2 EMISSIONS'!L123 -> 3715.6564 | ... AH33: ='GHG & CO2 EMISSIONS'!AK123 -> 4666.0009
A34: Switzerland | B34: ='GHG & CO2 EMISSIONS'!E143 -> 54665.543 | C34: ='GHG & CO2 EMISSIONS'!F143 -> 56538.209 | D34: ='GHG & CO2 EMISSIONS'!G143 -> 56272.972 | E34: ='GHG & CO2 EMISSIONS'!H143 -> 53679.345 | F34: ='GHG & CO2 EMISSIONS'!I143 -> 52622.104 | G34: ='GHG & CO2 EMISSIONS'!J143 -> 53511.064 | H34: ='GHG & CO2 EMISSIONS'!K143 -> 54173.138 | I34: ='GHG & CO2 EMISSIONS'!L143 -> 52971.46 | ... AH34: ='GHG & CO2 EMISSIONS'!AK143 -> 41536.135
A35: Norway | B35: ='GHG & CO2 EMISSIONS'!E139 -> 50796.769 | C35: ='GHG & CO2 EMISSIONS'!F139 -> 48400.868 | D35: ='GHG & CO2 EMISSIONS'!G139 -> 46770.379 | E35: ='GHG & CO2 EMISSIONS'!H139 -> 48639.02 | F35: ='GHG & CO2 EMISSIONS'!I139 -> 50545.045 | G35: ='GHG & CO2 EMISSIONS'!J139 -> 50904.268 | H35: ='GHG & CO2 EMISSIONS'!K139 -> 53786.903 | I35: ='GHG & CO2 EMISSIONS'!L139 -> 53750.972 | ... AH35: ='GHG & CO2 EMISSIONS'!AK139 -> 48754.936
A36: New Zealand | B36: ='GHG & CO2 EMISSIONS'!E163 -> 68958.182 | C36: ='GHG & CO2 EMISSIONS'!F163 -> 69918.613 | D36: ='GHG & CO2 EMISSIONS'!G163 -> 71163.043 | E36: ='GHG & CO2 EMISSIONS'!H163 -> 71017.985 | F36: ='GHG & CO2 EMISSIONS'!I163 -> 72398.449 | G36: ='GHG & CO2 EMISSIONS'!J163 -> 72988.347 | H36: ='GHG & CO2 EMISSIONS'!K163 -> 75526.573 | I36: ='GHG & CO2 EMISSIONS'!L163 -> 78163.571 | ... AH36: ='GHG & CO2 EMISSIONS'!AK163 -> 78395.363
A37: Belarus | B37: ='GHG & CO2 EMISSIONS'!E119 -> 146017.4 | C37: ='GHG & CO2 EMISSIONS'!F119 -> 140280.31 | D37: ='GHG & CO2 EMISSIONS'!G119 -> 126622.57 | E37: ='GHG & CO2 EMISSIONS'!H119 -> 112913.07 | F37: ='GHG & CO2 EMISSIONS'!I119 -> 97041.08 | G37: ='GHG & CO2 EMISSIONS'!J119 -> 88585.63 | H37: ='GHG & CO2 EMISSIONS'!K119 -> 89273.855 | I37: ='GHG & CO2 EMISSIONS'!L119 -> 89488.083 | ... AH37: ='GHG & CO2 EMISSIONS'!AK119 -> 88357.339
A38: Ukraine | B38: ='GHG & CO2 EMISSIONS'!E151 -> 962527.75 | C38: ='GHG & CO2 EMISSIONS'!F151 -> 875728.92 | D38: ='GHG & CO2 EMISSIONS'!G151 -> 819946.97 | E38: ='GHG & CO2 EMISSIONS'!H151 -> 728907.09 | F38: ='GHG & CO2 EMISSIONS'!I151 -> 622241.88 | G38: ='GHG & CO2 EMISSIONS'!J151 -> 578197.7 | H38: ='GHG & CO2 EMISSIONS'!K151 -> 531404.53 | I38: ='GHG & CO2 EMISSIONS'!L151 -> 513839.97 | ... AH38: ='GHG & CO2 EMISSIONS'!AK151 -> 238262.87
A39: Kazakhstan | B39: ='GHG & CO2 EMISSIONS'!E127 -> 390526.06 | C39: ='GHG & CO2 EMISSIONS'!F127 -> 372803.86 | D39: ='GHG & CO2 EMISSIONS'!G127 -> 343803.85 | E39: ='GHG & CO2 EMISSIONS'!H127 -> 308738.64 | F39: ='GHG & CO2 EMISSIONS'!I127 -> 261032.16 | G39: ='GHG & CO2 EMISSIONS'!J127 -> 244480.3 | H39: ='GHG & CO2 EMISSIONS'!K127 -> 228515.09 | I39: ='GHG & CO2 EMISSIONS'!L127 -> 221863.4 | ... AH39: ='GHG & CO2 EMISSIONS'!AK127 -> 348843.83
A40: Turkey | B40: ='GHG & CO2 EMISSIONS'!E147 -> 228001.91 | C40: ='GHG & CO2 EMISSIONS'!F147 -> 235398.92 | D40: ='GHG & CO2 EMISSIONS'!G147 -> 241811.61 | E40: ='GHG & CO2 EMISSIONS'!H147 -> 249142.27 | F40: ='GHG & CO2 EMISSIONS'!I147 -> 242768.83 | G40: ='GHG & CO2 EMISSIONS'!J147 -> 256494.34 | H40: ='GHG & CO2 EMISSIONS'!K147 -> 275852.25 | I40: ='GHG & CO2 EMISSIONS'!L147 -> 286738.16 | ... AH40: ='GHG & CO2 EMISSIONS'!AK147 -> 558270.48
A41: Australia | B41: ='GHG & CO2 EMISSIONS'!E115 -> 437120 | C41: ='GHG & CO2 EMISSIONS'!F115 -> 437222 | D41: ='GHG & CO2 EMISSIONS'!G115 -> 441027 | E41: ='GHG & CO2 EMISSIONS'!H115 -> 441346 | F41: ='GHG & CO2 EMISSIONS'!I115 -> 441583 | G41: ='GHG & CO2 EMISSIONS'!J115 -> 450276 | H41: ='GHG & CO2 EMISSIONS'!K115 -> 456436 | I41: ='GHG & CO2 EMISSIONS'!L115 -> 468506 | ... AH41: ='GHG & CO2 EMISSIONS'!AK115 -> 520995
A42: Canada | B42: ='GHG & CO2 EMISSIONS'!E171 -> 607748.76 | C42: ='GHG & CO2 EMISSIONS'!F171 -> 603138.23 | D42: ='GHG & CO2 EMISSIONS'!G171 -> 621534.93 | E42: ='GHG & CO2 EMISSIONS'!H171 -> 626611.05 | F42: ='GHG & CO2 EMISSIONS'!I171 -> 649033.64 | G42: ='GHG & CO2 EMISSIONS'!J171 -> 667914.71 | H42: ='GHG & CO2 EMISSIONS'!K171 -> 689261.89 | I42: ='GHG & CO2 EMISSIONS'!L171 -> 705539.09 | ... AH42: ='GHG & CO2 EMISSIONS'!AK171 -> 707767.56
A43: Japan | B43: ='GHG & CO2 EMISSIONS'!E159 -> 1269430.6 | C43: ='GHG & CO2 EMISSIONS'!F159 -> 1283622.9 | D43: ='GHG & CO2 EMISSIONS'!G159 -> 1295413 | E43: ='GHG & CO2 EMISSIONS'!H159 -> 1290874 | F43: ='GHG & CO2 EMISSIONS'!I159 -> 1351092 | G43: ='GHG & CO2 EMISSIONS'!J159 -> 1371412.5 | H43: ='GHG & CO2 EMISSIONS'!K159 -> 1384052.4 | I43: ='GHG & CO2 EMISSIONS'!L159 -> 1375902.7 | ... AH43: ='GHG & CO2 EMISSIONS'!AK159 -> 1133637.7
A44: Russia | B44: ='GHG & CO2 EMISSIONS'!E167 -> 3142797.5 | C44: ='GHG & CO2 EMISSIONS'!F167 -> 2987852.8 | D44: ='GHG & CO2 EMISSIONS'!G167 -> 2512071.5 | E44: ='GHG & CO2 EMISSIONS'!H167 -> 2378462.7 | F44: ='GHG & CO2 EMISSIONS'!I167 -> 2117939.4 | G44: ='GHG & CO2 EMISSIONS'!J167 -> 2065422.6 | H44: ='GHG & CO2 EMISSIONS'!K167 -> 2014841.2 | I44: ='GHG & CO2 EMISSIONS'!L167 -> 1895331.9 | ... AH44: ='GHG & CO2 EMISSIONS'!AK167 -> 2042026.8
A45: European Union (excl. UK) | B45: ='GHG & CO2 EMISSIONS'!E3 -> 4858721.7 | C45: ='GHG & CO2 EMISSIONS'!F3 -> 4753235.6 | D45: ='GHG & CO2 EMISSIONS'!G3 -> 4602044.3 | E45: ='GHG & CO2 EMISSIONS'!H3 -> 4522014.9 | F45: ='GHG & CO2 EMISSIONS'!I3 -> 4500096.8 | G45: ='GHG & CO2 EMISSIONS'!J3 -> 4550599.9 | H45: ='GHG & CO2 EMISSIONS'!K3 -> 4641592.2 | I45: ='GHG & CO2 EMISSIONS'!L3 -> 4570484.2 | ... AH45: ='GHG & CO2 EMISSIONS'!AK3 -> 3365516.6
A46: United States of America | B46: ='GHG & CO2 EMISSIONS'!E175 -> 6536914.7 | C46: ='GHG & CO2 EMISSIONS'!F175 -> 6472689.4 | D46: ='GHG & CO2 EMISSIONS'!G175 -> 6576351.7 | E46: ='GHG & CO2 EMISSIONS'!H175 -> 6686455.5 | F46: ='GHG & CO2 EMISSIONS'!I175 -> 6782638.8 | G46: ='GHG & CO2 EMISSIONS'!J175 -> 6862137.3 | H46: ='GHG & CO2 EMISSIONS'!K175 -> 7056258.4 | I46: ='GHG & CO2 EMISSIONS'!L175 -> 7108980 | ... AH46: ='GHG & CO2 EMISSIONS'!AK175 -> 6343209.3
A47: United Kingdom | B47: ='GHG & CO2 EMISSIONS'!E155 -> 805610.85 | C47: ='GHG & CO2 EMISSIONS'!F155 -> 814428.74 | D47: ='GHG & CO2 EMISSIONS'!G155 -> 794096.75 | E47: ='GHG & CO2 EMISSIONS'!H155 -> 775060.91 | F47: ='GHG & CO2 EMISSIONS'!I155 -> 762886.95 | G47: ='GHG & CO2 EMISSIONS'!J155 -> 756780.05 | H47: ='GHG & CO2 EMISSIONS'!K155 -> 777414.37 | I47: ='GHG & CO2 EMISSIONS'!L155 -> 753198.85 | ... AH47: ='GHG & CO2 EMISSIONS'!AK155 -> 409551.58
A49: GHG emissions with LULUCF (1,000 tCO2)
B50: 1990 | C50: 1991 | D50: 1992 | E50: 1993 | F50: 1994 | G50: 1995 | H50: 1996 | I50: 1997 | J50: 1998 | K50: 1999 | L50: 2000 | M50: 2001 | N50: 2002 | O50: 2003 | P50: 2004 | Q50: 2005 | R50: 2006 | S50: 2007 | T50: 2008 | U50: 2009 | V50: 2010 | W50: 2011 | X50: 2012 | Y50: 2013 | Z50: 2014 | AA50: 2015 | AB50: 2016 | AC50: 2017 | AD50: 2018 | AE50: 2019 | AF50: 2020 | AG50: 2021 | AH50: 2022
A51: Monaco | B51: ='GHG & CO2 EMISSIONS'!E136 -> 101.39884 | C51: ='GHG & CO2 EMISSIONS'!F136 -> 102.30048 | D51: ='GHG & CO2 EMISSIONS'!G136 -> 107.86868 | E51: ='GHG & CO2 EMISSIONS'!H136 -> 106.80614 | F51: ='GHG & CO2 EMISSIONS'!I136 -> 107.41742 | G51: ='GHG & CO2 EMISSIONS'!J136 -> 104.06856 | H51: ='GHG & CO2 EMISSIONS'!K136 -> 107.75191 | I51: ='GHG & CO2 EMISSIONS'!L136 -> 106.14537 | ... AH51: ='GHG & CO2 EMISSIONS'!AK136 -> 66.45956
A52: Liechtenstein | B52: ='GHG & CO2 EMISSIONS'!E132 -> 235.80996 | C52: ='GHG & CO2 EMISSIONS'!F132 -> 227.11791 | D52: ='GHG & CO2 EMISSIONS'!G132 -> 238.49893 | E52: ='GHG & CO2 EMISSIONS'!H132 -> 242.16137 | F52: ='GHG & CO2 EMISSIONS'!I132 -> 248.32916 | G52: ='GHG & CO2 EMISSIONS'!J132 -> 238.24199 | H52: ='GHG & CO2 EMISSIONS'!K132 -> 232.00782 | I52: ='GHG & CO2 EMISSIONS'!L132 -> 261.39496 | ... AH52: ='GHG & CO2 EMISSIONS'!AK132 -> 164.37743
A53: Iceland | B53: ='GHG & CO2 EMISSIONS'!E124 -> 11376.864 | C53: ='GHG & CO2 EMISSIONS'!F124 -> 11172.935 | D53: ='GHG & CO2 EMISSIONS'!G124 -> 11092.765 | E53: ='GHG & CO2 EMISSIONS'!H124 -> 11185.205 | F53: ='GHG & CO2 EMISSIONS'!I124 -> 11105.288 | G53: ='GHG & CO2 EMISSIONS'!J124 -> 11218.928 | H53: ='GHG & CO2 EMISSIONS'!K124 -> 11266.917 | I53: ='GHG & CO2 EMISSIONS'!L124 -> 11419.17 | ... AH53: ='GHG & CO2 EMISSIONS'!AK124 -> 12423.021
A54: Norway | B54: ='GHG & CO2 EMISSIONS'!E140 -> 39022.225 | C54: ='GHG & CO2 EMISSIONS'!F140 -> 35569.108 | D54: ='GHG & CO2 EMISSIONS'!G140 -> 34433.865 | E54: ='GHG & CO2 EMISSIONS'!H140 -> 35407.262 | F54: ='GHG & CO2 EMISSIONS'!I140 -> 38490.904 | G54: ='GHG & CO2 EMISSIONS'!J140 -> 36373.315 | H54: ='GHG & CO2 EMISSIONS'!K140 -> 43675.682 | I54: ='GHG & CO2 EMISSIONS'!L140 -> 40815.072 | ... AH54: ='GHG & CO2 EMISSIONS'!AK140 -> 35008.839
A55: Switzerland | B55: ='GHG & CO2 EMISSIONS'!E144 -> 51706.297 | C55: ='GHG & CO2 EMISSIONS'!F144 -> 50518.093 | D55: ='GHG & CO2 EMISSIONS'!G144 -> 51867.146 | E55: ='GHG & CO2 EMISSIONS'!H144 -> 48369.978 | F55: ='GHG & CO2 EMISSIONS'!I144 -> 49669.587 | G55: ='GHG & CO2 EMISSIONS'!J144 -> 49203.664 | H55: ='GHG & CO2 EMISSIONS'!K144 -> 47926.321 | I55: ='GHG & CO2 EMISSIONS'!L144 -> 49064.938 | ... AH55: ='GHG & CO2 EMISSIONS'!AK144 -> 41969.231
A56: New Zealand | B56: ='GHG & CO2 EMISSIONS'!E164 -> 44633.558 | C56: ='GHG & CO2 EMISSIONS'!F164 -> 43704.487 | D56: ='GHG & CO2 EMISSIONS'!G164 -> 45703.111 | E56: ='GHG & CO2 EMISSIONS'!H164 -> 45158.324 | F56: ='GHG & CO2 EMISSIONS'!I164 -> 47239.687 | G56: ='GHG & CO2 EMISSIONS'!J164 -> 49258.3 | H56: ='GHG & CO2 EMISSIONS'!K164 -> 52570.415 | I56: ='GHG & CO2 EMISSIONS'!L164 -> 54553.455 | ... AH56: ='GHG & CO2 EMISSIONS'!AK164 -> 59156.569
A57: Belarus | B57: ='GHG & CO2 EMISSIONS'!E120 -> 126181.93 | C57: ='GHG & CO2 EMISSIONS'!F120 -> 118124.47 | D57: ='GHG & CO2 EMISSIONS'!G120 -> 105042.31 | E57: ='GHG & CO2 EMISSIONS'!H120 -> 96958.176 | F57: ='GHG & CO2 EMISSIONS'!I120 -> 71798.641 | G57: ='GHG & CO2 EMISSIONS'!J120 -> 62632.793 | H57: ='GHG & CO2 EMISSIONS'!K120 -> 63991.515 | I57: ='GHG & CO2 EMISSIONS'!L120 -> 65064.737 | ... AH57: ='GHG & CO2 EMISSIONS'!AK120 -> 56276.112
A58: Ukraine | B58: ='GHG & CO2 EMISSIONS'!E152 -> 915477.39 | C58: ='GHG & CO2 EMISSIONS'!F152 -> 820910.09 | D58: ='GHG & CO2 EMISSIONS'!G152 -> 766657.24 | E58: ='GHG & CO2 EMISSIONS'!H152 -> 681605.4 | F58: ='GHG & CO2 EMISSIONS'!I152 -> 573042.18 | G58: ='GHG & CO2 EMISSIONS'!J152 -> 532873.86 | H58: ='GHG & CO2 EMISSIONS'!K152 -> 492477.49 | I58: ='GHG & CO2 EMISSIONS'!L152 -> 480765.16 | ... AH58: ='GHG & CO2 EMISSIONS'!AK152 -> 223169.19
A59: Kazakhstan | B59: ='GHG & CO2 EMISSIONS'!E128 -> 385736.5 | C59: ='GHG & CO2 EMISSIONS'!F128 -> 368209.86 | D59: ='GHG & CO2 EMISSIONS'!G128 -> 339393.76 | E59: ='GHG & CO2 EMISSIONS'!H128 -> 304515.24 | F59: ='GHG & CO2 EMISSIONS'!I128 -> 265815.37 | G59: ='GHG & CO2 EMISSIONS'!J128 -> 258536.49 | H59: ='GHG & CO2 EMISSIONS'!K128 -> 251277.02 | I59: ='GHG & CO2 EMISSIONS'!L128 -> 254478.49 | ... AH59: ='GHG & CO2 EMISSIONS'!AK128 -> 352973.03
A60: Turkey | B60: ='GHG & CO2 EMISSIONS'!E148 -> 161572.23 | C60: ='GHG & CO2 EMISSIONS'!F148 -> 167975.41 | D60: ='GHG & CO2 EMISSIONS'!G148 -> 174342.05 | E60: ='GHG & CO2 EMISSIONS'!H148 -> 182471.14 | F60: ='GHG & CO2 EMISSIONS'!I148 -> 174735.39 | G60: ='GHG & CO2 EMISSIONS'!J148 -> 188549.54 | H60: ='GHG & CO2 EMISSIONS'!K148 -> 208568.96 | I60: ='GHG & CO2 EMISSIONS'!L148 -> 216284.23 | ... AH60: ='GHG & CO2 EMISSIONS'!AK148 -> 502174.97
A61: Australia | B61: ='GHG & CO2 EMISSIONS'!E116 -> 615387 | C61: ='GHG & CO2 EMISSIONS'!F116 -> 594992 | D61: ='GHG & CO2 EMISSIONS'!G116 -> 554506 | E61: ='GHG & CO2 EMISSIONS'!H116 -> 533504 | F61: ='GHG & CO2 EMISSIONS'!I116 -> 523368 | G61: ='GHG & CO2 EMISSIONS'!J116 -> 510973 | H61: ='GHG & CO2 EMISSIONS'!K116 -> 512169 | I61: ='GHG & CO2 EMISSIONS'!L116 -> 510321 | ... AH61: ='GHG & CO2 EMISSIONS'!AK116 -> 432621
A62: Canada | B62: ='GHG & CO2 EMISSIONS'!E172 -> 656932.93 | C62: ='GHG & CO2 EMISSIONS'!F172 -> 646378.94 | D62: ='GHG & CO2 EMISSIONS'!G172 -> 675696.9 | E62: ='GHG & CO2 EMISSIONS'!H172 -> 693741.51 | F62: ='GHG & CO2 EMISSIONS'!I172 -> 703895.43 | G62: ='GHG & CO2 EMISSIONS'!J172 -> 733004.73 | H62: ='GHG & CO2 EMISSIONS'!K172 -> 744635.15 | I62: ='GHG & CO2 EMISSIONS'!L172 -> 759372.66 | ... AH62: ='GHG & CO2 EMISSIONS'!AK172 -> 759226.97
A63: Japan | B63: ='GHG & CO2 EMISSIONS'!E160 -> 1196722.7 | C63: ='GHG & CO2 EMISSIONS'!F160 -> 1205344.1 | D63: ='GHG & CO2 EMISSIONS'!G160 -> 1213326.7 | E63: ='GHG & CO2 EMISSIONS'!H160 -> 1205563.8 | F63: ='GHG & CO2 EMISSIONS'!I160 -> 1265840.7 | G63: ='GHG & CO2 EMISSIONS'!J160 -> 1286411.2 | H63: ='GHG & CO2 EMISSIONS'!K160 -> 1297889.2 | I63: ='GHG & CO2 EMISSIONS'!L160 -> 1288930.6 | ... AH63: ='GHG & CO2 EMISSIONS'!AK160 -> 1080462.9
A64: Russia | B64: ='GHG & CO2 EMISSIONS'!E168 -> 2601458.4 | C64: ='GHG & CO2 EMISSIONS'!F168 -> 2381934.4 | D64: ='GHG & CO2 EMISSIONS'!G168 -> 1861499.8 | E64: ='GHG & CO2 EMISSIONS'!H168 -> 1527086.3 | F64: ='GHG & CO2 EMISSIONS'!I168 -> 1107497.1 | G64: ='GHG & CO2 EMISSIONS'!J168 -> 959535.85 | H64: ='GHG & CO2 EMISSIONS'!K168 -> 875006.61 | I64: ='GHG & CO2 EMISSIONS'!L168 -> 692258.46 | ... AH64: ='GHG & CO2 EMISSIONS'!AK168 -> 813188.78
A65: European Union (excl. UK) | B65: ='GHG & CO2 EMISSIONS'!E4 -> 4641267.6 | C65: ='GHG & CO2 EMISSIONS'!F4 -> 4436277.8 | D65: ='GHG & CO2 EMISSIONS'!G4 -> 4312585.2 | E65: ='GHG & CO2 EMISSIONS'!H4 -> 4218778.8 | F65: ='GHG & CO2 EMISSIONS'!I4 -> 4206188.9 | G65: ='GHG & CO2 EMISSIONS'!J4 -> 4233157 | H65: ='GHG & CO2 EMISSIONS'!K4 -> 4296320.1 | I65: ='GHG & CO2 EMISSIONS'!L4 -> 4232628.5 | ... AH65: ='GHG & CO2 EMISSIONS'!AK4 -> 3129062.5
A66: United States of America | B66: ='GHG & CO2 EMISSIONS'!E176 -> 5560219.9 | C66: ='GHG & CO2 EMISSIONS'!F176 -> 5483708.3 | D66: ='GHG & CO2 EMISSIONS'!G176 -> 5568966.4 | E66: ='GHG & CO2 EMISSIONS'!H176 -> 5695109 | F66: ='GHG & CO2 EMISSIONS'!I176 -> 5777417.3 | G66: ='GHG & CO2 EMISSIONS'!J176 -> 5881906.1 | H66: ='GHG & CO2 EMISSIONS'!K176 -> 6045083.8 | I66: ='GHG & CO2 EMISSIONS'!L176 -> 6123785.2 | ... AH66: ='GHG & CO2 EMISSIONS'!AK176 -> 5488970.8
A67: United Kingdom | B67: ='GHG & CO2 EMISSIONS'!E156 -> 816393.69 | C67: ='GHG & CO2 EMISSIONS'!F156 -> 824700.72 | D67: ='GHG & CO2 EMISSIONS'!G156 -> 803523.38 | E67: ='GHG & CO2 EMISSIONS'!H156 -> 783899.59 | F67: ='GHG & CO2 EMISSIONS'!I156 -> 771320.35 | G67: ='GHG & CO2 EMISSIONS'!J156 -> 765231.95 | H67: ='GHG & CO2 EMISSIONS'!K156 -> 784847.61 | I67: ='GHG & CO2 EMISSIONS'!L156 -> 760074.85 | ... AH67: ='GHG & CO2 EMISSIONS'!AK156 -> 410345.39
A69: CO2 emissions without LULUCF (1,000 tCO2)
B70: 1990 | C70: 1991 | D70: 1992 | E70: 1993 | F70: 1994 | G70: 1995 | H70: 1996 | I70: 1997 | J70: 1998 | K70: 1999 | L70: 2000 | M70: 2001 | N70: 2002 | O70: 2003 | P70: 2004 | Q70: 2005 | R70: 2006 | S70: 2007 | T70: 2008 | U70: 2009 | V70: 2010 | W70: 2011 | X70: 2012 | Y70: 2013 | Z70: 2014 | AA70: 2015 | AB70: 2016 | AC70: 2017 | AD70: 2018 | AE70: 2019 | AF70: 2020 | AG70: 2021 | AH70: 2022
A71: Monaco | B71: ='GHG & CO2 EMISSIONS'!E137 -> 96.986338 | C71: ='GHG & CO2 EMISSIONS'!F137 -> 97.76776 | D71: ='GHG & CO2 EMISSIONS'!G137 -> 103.33569 | E71: ='GHG & CO2 EMISSIONS'!H137 -> 102.28003 | F71: ='GHG & CO2 EMISSIONS'!I137 -> 103.05292 | G71: ='GHG & CO2 EMISSIONS'!J137 -> 99.85837 | H71: ='GHG & CO2 EMISSIONS'!K137 -> 103.27112 | I71: ='GHG & CO2 EMISSIONS'!L137 -> 101.57649 | ... AH71: ='GHG & CO2 EMISSIONS'!AK137 -> 57.45279
A72: Liechtenstein | B72: ='GHG & CO2 EMISSIONS'!E133 -> 198.97086 | C72: ='GHG & CO2 EMISSIONS'!F133 -> 206.32915 | D72: ='GHG & CO2 EMISSIONS'!G133 -> 206.95049 | E72: ='GHG & CO2 EMISSIONS'!H133 -> 215.03442 | F72: ='GHG & CO2 EMISSIONS'!I133 -> 201.11109 | G72: ='GHG & CO2 EMISSIONS'!J133 -> 204.20161 | H72: ='GHG & CO2 EMISSIONS'!K133 -> 205.96037 | I72: ='GHG & CO2 EMISSIONS'!L133 -> 218.3724 | ... AH72: ='GHG & CO2 EMISSIONS'!AK133 -> 128.35225
A73: Iceland | B73: ='GHG & CO2 EMISSIONS'!E125 -> 2222.3485 | C73: ='GHG & CO2 EMISSIONS'!F125 -> 2103.4382 | D73: ='GHG & CO2 EMISSIONS'!G125 -> 2249.7001 | E73: ='GHG & CO2 EMISSIONS'!H125 -> 2400.5219 | F73: ='GHG & CO2 EMISSIONS'!I125 -> 2349.6644 | G73: ='GHG & CO2 EMISSIONS'!J125 -> 2469.3373 | H73: ='GHG & CO2 EMISSIONS'!K125 -> 2523.3971 | I73: ='GHG & CO2 EMISSIONS'!L125 -> 2618.7822 | ... AH73: ='GHG & CO2 EMISSIONS'!AK125 -> 3613.2433
A74: New Zealand | B74: ='GHG & CO2 EMISSIONS'!E165 -> 25497.218 | C74: ='GHG & CO2 EMISSIONS'!F165 -> 26175.921 | D74: ='GHG & CO2 EMISSIONS'!G165 -> 28162.451 | E74: ='GHG & CO2 EMISSIONS'!H165 -> 27754.739 | F74: ='GHG & CO2 EMISSIONS'!I165 -> 27895.361 | G74: ='GHG & CO2 EMISSIONS'!J165 -> 28000.621 | H74: ='GHG & CO2 EMISSIONS'!K165 -> 29300.678 | I74: ='GHG & CO2 EMISSIONS'!L165 -> 31274.491 | ... AH74: ='GHG & CO2 EMISSIONS'!AK165 -> 31610.089
A75: Switzerland | B75: ='GHG & CO2 EMISSIONS'!E145 -> 44148.589 | C75: ='GHG & CO2 EMISSIONS'!F145 -> 46131.671 | D75: ='GHG & CO2 EMISSIONS'!G145 -> 46017.529 | E75: ='GHG & CO2 EMISSIONS'!H145 -> 43610.237 | F75: ='GHG & CO2 EMISSIONS'!I145 -> 42669.575 | G75: ='GHG & CO2 EMISSIONS'!J145 -> 43413.913 | H75: ='GHG & CO2 EMISSIONS'!K145 -> 44108.031 | I75: ='GHG & CO2 EMISSIONS'!L145 -> 43045.788 | ... AH75: ='GHG & CO2 EMISSIONS'!AK145 -> 32818.889
A76: Norway | B76: ='GHG & CO2 EMISSIONS'!E141 -> 34536.452 | C76: ='GHG & CO2 EMISSIONS'!F141 -> 32951.275 | D76: ='GHG & CO2 EMISSIONS'!G141 -> 33787.693 | E76: ='GHG & CO2 EMISSIONS'!H141 -> 35268.429 | F76: ='GHG & CO2 EMISSIONS'!I141 -> 37143.589 | G76: ='GHG & CO2 EMISSIONS'!J141 -> 37692.405 | H76: ='GHG & CO2 EMISSIONS'!K141 -> 40748.614 | I76: ='GHG & CO2 EMISSIONS'!L141 -> 40836.915 | ... AH76: ='GHG & CO2 EMISSIONS'!AK141 -> 40683.26
A77: Belarus | B77: ='GHG & CO2 EMISSIONS'!E121 -> 108458.87 | C77: ='GHG & CO2 EMISSIONS'!F121 -> 104185.95 | D77: ='GHG & CO2 EMISSIONS'!G121 -> 93596.917 | E77: ='GHG & CO2 EMISSIONS'!H121 -> 80674.476 | F77: ='GHG & CO2 EMISSIONS'!I121 -> 67989.832 | G77: ='GHG & CO2 EMISSIONS'!J121 -> 61014.526 | H77: ='GHG & CO2 EMISSIONS'!K121 -> 61843.566 | I77: ='GHG & CO2 EMISSIONS'!L121 -> 61697.459 | ... AH77: ='GHG & CO2 EMISSIONS'!AK121 -> 57120.55
A78: Ukraine | B78: ='GHG & CO2 EMISSIONS'!E153 -> 706525.67 | C78: ='GHG & CO2 EMISSIONS'!F153 -> 633193.87 | D78: ='GHG & CO2 EMISSIONS'!G153 -> 589505.21 | E78: ='GHG & CO2 EMISSIONS'!H153 -> 510495.39 | F78: ='GHG & CO2 EMISSIONS'!I153 -> 419630.28 | G78: ='GHG & CO2 EMISSIONS'!J153 -> 390173.46 | H78: ='GHG & CO2 EMISSIONS'!K153 -> 351834.19 | I78: ='GHG & CO2 EMISSIONS'!L153 -> 340585.97 | ... AH78: ='GHG & CO2 EMISSIONS'!AK153 -> 142964.13
A79: Kazakhstan | B79: ='GHG & CO2 EMISSIONS'!E129 -> 267405.36 | C79: ='GHG & CO2 EMISSIONS'!F129 -> 260420.51 | D79: ='GHG & CO2 EMISSIONS'!G129 -> 233523.4 | E79: ='GHG & CO2 EMISSIONS'!H129 -> 207558.71 | F79: ='GHG & CO2 EMISSIONS'!I129 -> 174671.11 | G79: ='GHG & CO2 EMISSIONS'!J129 -> 168467.98 | H79: ='GHG & CO2 EMISSIONS'!K129 -> 154715.7 | I79: ='GHG & CO2 EMISSIONS'!L129 -> 147293.13 | ... AH79: ='GHG & CO2 EMISSIONS'!AK129 -> 274345.57
A80: Turkey | B80: ='GHG & CO2 EMISSIONS'!E149 -> 154140.68 | C80: ='GHG & CO2 EMISSIONS'!F149 -> 160571.11 | D80: ='GHG & CO2 EMISSIONS'!G149 -> 166704.36 | E80: ='GHG & CO2 EMISSIONS'!H149 -> 173770.41 | F80: ='GHG & CO2 EMISSIONS'!I149 -> 170074.62 | G80: ='GHG & CO2 EMISSIONS'!J149 -> 184132.37 | H80: ='GHG & CO2 EMISSIONS'!K149 -> 202535.3 | I80: ='GHG & CO2 EMISSIONS'!L149 -> 214931.88 | ... AH80: ='GHG & CO2 EMISSIONS'!AK149 -> 441422.79
A81: Australia | B81: ='GHG & CO2 EMISSIONS'!E117 -> 278160 | C81: ='GHG & CO2 EMISSIONS'!F117 -> 279534 | D81: ='GHG & CO2 EMISSIONS'!G117 -> 284529 | E81: ='GHG & CO2 EMISSIONS'!H117 -> 288874 | F81: ='GHG & CO2 EMISSIONS'!I117 -> 293701 | G81: ='GHG & CO2 EMISSIONS'!J117 -> 305056 | H81: ='GHG & CO2 EMISSIONS'!K117 -> 311941 | I81: ='GHG & CO2 EMISSIONS'!L117 -> 320333 | ... AH81: ='GHG & CO2 EMISSIONS'!AK117 -> 384362
A82: Canada | B82: ='GHG & CO2 EMISSIONS'!E173 -> 458014.94 | C82: ='GHG & CO2 EMISSIONS'!F173 -> 449756.12 | D82: ='GHG & CO2 EMISSIONS'!G173 -> 463496.75 | E82: ='GHG & CO2 EMISSIONS'!H173 -> 464160.01 | F82: ='GHG & CO2 EMISSIONS'!I173 -> 478630.55 | G82: ='GHG & CO2 EMISSIONS'!J173 -> 491413.65 | H82: ='GHG & CO2 EMISSIONS'!K173 -> 507728.68 | I82: ='GHG & CO2 EMISSIONS'!L173 -> 522021.92 | ... AH82: ='GHG & CO2 EMISSIONS'!AK173 -> 550611.61
A83: Japan | B83: ='GHG & CO2 EMISSIONS'!E161 -> 1157373.7 | C83: ='GHG & CO2 EMISSIONS'!F161 -> 1169070.5 | D83: ='GHG & CO2 EMISSIONS'!G161 -> 1178852 | E83: ='GHG & CO2 EMISSIONS'!H161 -> 1171862.4 | F83: ='GHG & CO2 EMISSIONS'!I161 -> 1226887.1 | G83: ='GHG & CO2 EMISSIONS'!J161 -> 1239225.9 | H83: ='GHG & CO2 EMISSIONS'!K161 -> 1251737.7 | I83: ='GHG & CO2 EMISSIONS'!L161 -> 1244449.4 | ... AH83: ='GHG & CO2 EMISSIONS'!AK161 -> 1034861.1
A84: Russia | B84: ='GHG & CO2 EMISSIONS'!E169 -> 2534638.1 | C84: ='GHG & CO2 EMISSIONS'!F169 -> 2405960.4 | D84: ='GHG & CO2 EMISSIONS'!G169 -> 1965325.1 | E84: ='GHG & CO2 EMISSIONS'!H169 -> 1866015.6 | F84: ='GHG & CO2 EMISSIONS'!I169 -> 1646861.1 | G84: ='GHG & CO2 EMISSIONS'!J169 -> 1618323.9 | H84: ='GHG & CO2 EMISSIONS'!K169 -> 1586265.5 | I84: ='GHG & CO2 EMISSIONS'!L169 -> 1481066.4 | ... AH84: ='GHG & CO2 EMISSIONS'!AK169 -> 1658923.1
A85: European Union (excl. UK) | B85: ='GHG & CO2 EMISSIONS'!E5 -> 3873023.3 | C85: ='GHG & CO2 EMISSIONS'!F5 -> 3807938.8 | D85: ='GHG & CO2 EMISSIONS'!G5 -> 3681371.1 | E85: ='GHG & CO2 EMISSIONS'!H5 -> 3612170.9 | F85: ='GHG & CO2 EMISSIONS'!I5 -> 3593763.4 | G85: ='GHG & CO2 EMISSIONS'!J5 -> 3640342 | H85: ='GHG & CO2 EMISSIONS'!K5 -> 3725281 | I85: ='GHG & CO2 EMISSIONS'!L5 -> 3659125.5 | ... AH85: ='GHG & CO2 EMISSIONS'!AK5 -> 2740590
A86: United States of America | B86: ='GHG & CO2 EMISSIONS'!E177 -> 5131649.9 | C86: ='GHG & CO2 EMISSIONS'!F177 -> 5076301.4 | D86: ='GHG & CO2 EMISSIONS'!G177 -> 5178730.8 | E86: ='GHG & CO2 EMISSIONS'!H177 -> 5279479.6 | F86: ='GHG & CO2 EMISSIONS'!I177 -> 5361823.1 | G86: ='GHG & CO2 EMISSIONS'!J177 -> 5425799.2 | H86: ='GHG & CO2 EMISSIONS'!K177 -> 5601058.1 | I86: ='GHG & CO2 EMISSIONS'!L177 -> 5673109 | ... AH86: ='GHG & CO2 EMISSIONS'!AK177 -> 5053018.7
A87: United Kingdom | B87: ='GHG & CO2 EMISSIONS'!E157 -> 603662.86 | C87: ='GHG & CO2 EMISSIONS'!F157 -> 611170.45 | D87: ='GHG & CO2 EMISSIONS'!G157 -> 595536.72 | E87: ='GHG & CO2 EMISSIONS'!H157 -> 581505.92 | F87: ='GHG & CO2 EMISSIONS'!I157 -> 575528.2 | G87: ='GHG & CO2 EMISSIONS'!J157 -> 567695.73 | H87: ='GHG & CO2 EMISSIONS'!K157 -> 588361.67 | I87: ='GHG & CO2 EMISSIONS'!L157 -> 564927.33 | ... AH87: ='GHG & CO2 EMISSIONS'!AK157 -> 333535.01
A89: CO2 emissions with LULUCF (1,000 tCO2)
B90: 1990 | C90: 1991 | D90: 1992 | E90: 1993 | F90: 1994 | G90: 1995 | H90: 1996 | I90: 1997 | J90: 1998 | K90: 1999 | L90: 2000 | M90: 2001 | N90: 2002 | O90: 2003 | P90: 2004 | Q90: 2005 | R90: 2006 | S90: 2007 | T90: 2008 | U90: 2009 | V90: 2010 | W90: 2011 | X90: 2012 | Y90: 2013 | Z90: 2014 | AA90: 2015 | AB90: 2016 | AC90: 2017 | AD90: 2018 | AE90: 2019 | AF90: 2020 | AG90: 2021 | AH90: 2022
A91: Monaco | B91: ='GHG & CO2 EMISSIONS'!E138 -> 96.862764 | C91: ='GHG & CO2 EMISSIONS'!F138 -> 97.643884 | D91: ='GHG & CO2 EMISSIONS'!G138 -> 103.20957 | E91: ='GHG & CO2 EMISSIONS'!H138 -> 102.15327 | F91: ='GHG & CO2 EMISSIONS'!I138 -> 102.92326 | G91: ='GHG & CO2 EMISSIONS'!J138 -> 99.728647 | H91: ='GHG & CO2 EMISSIONS'!K138 -> 103.14414 | I91: ='GHG & CO2 EMISSIONS'!L138 -> 101.45217 | ... AH91: ='GHG & CO2 EMISSIONS'!AK138 -> 57.372104
A92: Liechtenstein | B92: ='GHG & CO2 EMISSIONS'!E134 -> 205.58455 | C92: ='GHG & CO2 EMISSIONS'!F134 -> 196.72047 | D92: ='GHG & CO2 EMISSIONS'!G134 -> 208.57656 | E92: ='GHG & CO2 EMISSIONS'!H134 -> 213.28611 | F92: ='GHG & CO2 EMISSIONS'!I134 -> 219.20117 | G92: ='GHG & CO2 EMISSIONS'!J134 -> 208.46984 | H92: ='GHG & CO2 EMISSIONS'!K134 -> 201.67221 | I92: ='GHG & CO2 EMISSIONS'!L134 -> 230.88979 | ... AH92: ='GHG & CO2 EMISSIONS'!AK134 -> 126.85826
A93: New Zealand | B93: ='GHG & CO2 EMISSIONS'!E166 -> 804.1949 | C93: ='GHG & CO2 EMISSIONS'!F166 -> -378.37059 | D93: ='GHG & CO2 EMISSIONS'!G166 -> 2344.3274 | E93: ='GHG & CO2 EMISSIONS'!H166 -> 1506.962 | F93: ='GHG & CO2 EMISSIONS'!I166 -> 2319.729 | G93: ='GHG & CO2 EMISSIONS'!J166 -> 3848.1286 | H93: ='GHG & CO2 EMISSIONS'!K166 -> 5894.0809 | I93: ='GHG & CO2 EMISSIONS'!L166 -> 7205.782 | ... AH93: ='GHG & CO2 EMISSIONS'!AK166 -> 12019.145
A94: Iceland | B94: ='GHG & CO2 EMISSIONS'!E126 -> 8174.4057 | C94: ='GHG & CO2 EMISSIONS'!F126 -> 8056.6014 | D94: ='GHG & CO2 EMISSIONS'!G126 -> 8192.8558 | E94: ='GHG & CO2 EMISSIONS'!H126 -> 8351.6944 | F94: ='GHG & CO2 EMISSIONS'!I126 -> 8292.5127 | G94: ='GHG & CO2 EMISSIONS'!J126 -> 8398.0155 | H94: ='GHG & CO2 EMISSIONS'!K126 -> 8443.5721 | I94: ='GHG & CO2 EMISSIONS'!L126 -> 8533.5003 | ... AH94: ='GHG & CO2 EMISSIONS'!AK126 -> 9541.9791
A95: Belarus | B95: ='GHG & CO2 EMISSIONS'!E122 -> 88600.47 | C95: ='GHG & CO2 EMISSIONS'!F122 -> 82014.714 | D95: ='GHG & CO2 EMISSIONS'!G122 -> 71744.335 | E95: ='GHG & CO2 EMISSIONS'!H122 -> 64693.481 | F95: ='GHG & CO2 EMISSIONS'!I122 -> 42716.663 | G95: ='GHG & CO2 EMISSIONS'!J122 -> 35011.933 | H95: ='GHG & CO2 EMISSIONS'!K122 -> 36500.384 | I95: ='GHG & CO2 EMISSIONS'!L122 -> 37256.09 | ... AH95: ='GHG & CO2 EMISSIONS'!AK122 -> 25020.93
A96: Switzerland | B96: ='GHG & CO2 EMISSIONS'!E146 -> 41101.097 | C96: ='GHG & CO2 EMISSIONS'!F146 -> 40048.899 | D96: ='GHG & CO2 EMISSIONS'!G146 -> 41550.41 | E96: ='GHG & CO2 EMISSIONS'!H146 -> 38240.025 | F96: ='GHG & CO2 EMISSIONS'!I146 -> 39650.546 | G96: ='GHG & CO2 EMISSIONS'!J146 -> 39036.733 | H96: ='GHG & CO2 EMISSIONS'!K146 -> 37795.037 | I96: ='GHG & CO2 EMISSIONS'!L146 -> 39043.123 | ... AH96: ='GHG & CO2 EMISSIONS'!AK146 -> 33183.451
A97: Norway | B97: ='GHG & CO2 EMISSIONS'!E142 -> 22348.773 | C97: ='GHG & CO2 EMISSIONS'!F142 -> 19703.03 | D97: ='GHG & CO2 EMISSIONS'!G142 -> 21034.311 | E97: ='GHG & CO2 EMISSIONS'!H142 -> 21621.897 | F97: ='GHG & CO2 EMISSIONS'!I142 -> 24674.412 | G97: ='GHG & CO2 EMISSIONS'!J142 -> 22745.798 | H97: ='GHG & CO2 EMISSIONS'!K142 -> 30219.828 | I97: ='GHG & CO2 EMISSIONS'!L142 -> 27478.899 | ... AH97: ='GHG & CO2 EMISSIONS'!AK142 -> 26481.439
A98: Ukraine | B98: ='GHG & CO2 EMISSIONS'!E154 -> 659261.65 | C98: ='GHG & CO2 EMISSIONS'!F154 -> 578166.47 | D98: ='GHG & CO2 EMISSIONS'!G154 -> 535990.69 | E98: ='GHG & CO2 EMISSIONS'!H154 -> 462943.92 | F98: ='GHG & CO2 EMISSIONS'!I154 -> 370133.44 | G98: ='GHG & CO2 EMISSIONS'!J154 -> 344574.63 | H98: ='GHG & CO2 EMISSIONS'!K154 -> 312592.2 | I98: ='GHG & CO2 EMISSIONS'!L154 -> 307252.62 | ... AH98: ='GHG & CO2 EMISSIONS'!AK154 -> 127732.86
A99: Kazakhstan | B99: ='GHG & CO2 EMISSIONS'!E130 -> 262589.04 | C99: ='GHG & CO2 EMISSIONS'!F130 -> 255790.28 | D99: ='GHG & CO2 EMISSIONS'!G130 -> 229086.25 | E99: ='GHG & CO2 EMISSIONS'!H130 -> 203309.41 | F99: ='GHG & CO2 EMISSIONS'!I130 -> 179367.27 | G99: ='GHG & CO2 EMISSIONS'!J130 -> 182110.71 | H99: ='GHG & CO2 EMISSIONS'!K130 -> 177304.2 | I99: ='GHG & CO2 EMISSIONS'!L130 -> 178825.65 | ... AH99: ='GHG & CO2 EMISSIONS'!AK130 -> 278292.08
A100: Turkey | B100: ='GHG & CO2 EMISSIONS'!E150 -> 87568.377 | C100: ='GHG & CO2 EMISSIONS'!F150 -> 93070.735 | D100: ='GHG & CO2 EMISSIONS'!G150 -> 99116.918 | E100: ='GHG & CO2 EMISSIONS'!H150 -> 106949.18 | F100: ='GHG & CO2 EMISSIONS'!I150 -> 101667.29 | G100: ='GHG & CO2 EMISSIONS'!J150 -> 116108.41 | H100: ='GHG & CO2 EMISSIONS'!K150 -> 135099.59 | I100: ='GHG & CO2 EMISSIONS'!L150 -> 144409.18 | ... AH100: ='GHG & CO2 EMISSIONS'!AK150 -> 385185.31
A101: Australia | B101: ='GHG & CO2 EMISSIONS'!E118 -> 431510 | C101: ='GHG & CO2 EMISSIONS'!F118 -> 413318 | D101: ='GHG & CO2 EMISSIONS'!G118 -> 375937 | E101: ='GHG & CO2 EMISSIONS'!H118 -> 359755 | F101: ='GHG & CO2 EMISSIONS'!I118 -> 354738 | G101: ='GHG & CO2 EMISSIONS'!J118 -> 345200 | H101: ='GHG & CO2 EMISSIONS'!K118 -> 345876 | I101: ='GHG & CO2 EMISSIONS'!L118 -> 340403 | ... AH101: ='GHG & CO2 EMISSIONS'!AK118 -> 278682
A102: Canada | B102: ='GHG & CO2 EMISSIONS'!E174 -> 506039.31 | C102: ='GHG & CO2 EMISSIONS'!F174 -> 490864.02 | D102: ='GHG & CO2 EMISSIONS'!G174 -> 515704.26 | E102: ='GHG & CO2 EMISSIONS'!H174 -> 529556.5 | F102: ='GHG & CO2 EMISSIONS'!I174 -> 531986.03 | G102: ='GHG & CO2 EMISSIONS'!J174 -> 555122.6 | H102: ='GHG & CO2 EMISSIONS'!K174 -> 561809.49 | I102: ='GHG & CO2 EMISSIONS'!L174 -> 574644.13 | ... AH102: ='GHG & CO2 EMISSIONS'!AK174 -> 601179.88
A103: Japan | B103: ='GHG & CO2 EMISSIONS'!E162 -> 1083678.2 | C103: ='GHG & CO2 EMISSIONS'!F162 -> 1089827.9 | D103: ='GHG & CO2 EMISSIONS'!G162 -> 1095825.8 | E103: ='GHG & CO2 EMISSIONS'!H162 -> 1085608.4 | F103: ='GHG & CO2 EMISSIONS'!I162 -> 1140728.2 | G103: ='GHG & CO2 EMISSIONS'!J162 -> 1153351.1 | H103: ='GHG & CO2 EMISSIONS'!K162 -> 1164688.9 | I103: ='GHG & CO2 EMISSIONS'!L162 -> 1156595.7 | ... AH103: ='GHG & CO2 EMISSIONS'!AK162 -> 981200.92
A104: Russia | B104: ='GHG & CO2 EMISSIONS'!E170 -> 1975406.4 | C104: ='GHG & CO2 EMISSIONS'!F170 -> 1779137.6 | D104: ='GHG & CO2 EMISSIONS'!G170 -> 1293763.9 | E104: ='GHG & CO2 EMISSIONS'!H170 -> 993751.44 | F104: ='GHG & CO2 EMISSIONS'!I170 -> 616442.4 | G104: ='GHG & CO2 EMISSIONS'!J170 -> 493022.31 | H104: ='GHG & CO2 EMISSIONS'!K170 -> 423483.2 | I104: ='GHG & CO2 EMISSIONS'!L170 -> 257732.7 | ... AH104: ='GHG & CO2 EMISSIONS'!AK170 -> 413174.45
A105: European Union (excl. UK) | B105: ='GHG & CO2 EMISSIONS'!E6 -> 3627466.9 | C105: ='GHG & CO2 EMISSIONS'!F6 -> 3464021.2 | D105: ='GHG & CO2 EMISSIONS'!G6 -> 3365178.1 | E105: ='GHG & CO2 EMISSIONS'!H6 -> 3282183.7 | F105: ='GHG & CO2 EMISSIONS'!I6 -> 3269916.6 | G105: ='GHG & CO2 EMISSIONS'!J6 -> 3293996.2 | H105: ='GHG & CO2 EMISSIONS'!K6 -> 3352484.4 | I105: ='GHG & CO2 EMISSIONS'!L6 -> 3294148.8 | ... AH105: ='GHG & CO2 EMISSIONS'!AK6 -> 2477871.2
A106: United States of America | B106: ='GHG & CO2 EMISSIONS'!E178 -> 4096971.5 | C106: ='GHG & CO2 EMISSIONS'!F178 -> 4030711.6 | D106: ='GHG & CO2 EMISSIONS'!G178 -> 4117600.6 | E106: ='GHG & CO2 EMISSIONS'!H178 -> 4233771.4 | F106: ='GHG & CO2 EMISSIONS'!I178 -> 4299170.7 | G106: ='GHG & CO2 EMISSIONS'!J178 -> 4392037 | H106: ='GHG & CO2 EMISSIONS'!K178 -> 4533242.4 | I106: ='GHG & CO2 EMISSIONS'!L178 -> 4634831 | ... AH106: ='GHG & CO2 EMISSIONS'!AK178 -> 4131226.9
A107: United Kingdom | B107: ='GHG & CO2 EMISSIONS'!E158 -> 606965.86 | C107: ='GHG & CO2 EMISSIONS'!F158 -> 613983.37 | D107: ='GHG & CO2 EMISSIONS'!G158 -> 597538.59 | E107: ='GHG & CO2 EMISSIONS'!H158 -> 582943.99 | F107: ='GHG & CO2 EMISSIONS'!I158 -> 576588.52 | G107: ='GHG & CO2 EMISSIONS'!J158 -> 568777.26 | H107: ='GHG & CO2 EMISSIONS'!K158 -> 588472.95 | I107: ='GHG & CO2 EMISSIONS'!L158 -> 564494.51 | ... AH107: ='GHG & CO2 EMISSIONS'!AK158 -> 327309.86
...
